,index1_x,County_x,Year_x,ShelterID,BusName_x,City_x,Zip_x,License Type_x,DogSold_x,PupSold_x,CatSold_x,KitSold_x,ExoticSold_x,BegInvDog_x,DogRec_x,DogAdopt_x,DogReclaim_x,DogEuth_x,EndInvDogs_x,BegInvCat_x,CatRec_x,CatsAdopt_x,CatsReclaim_x,CatEuth_x,EndInvCats_x,BegInvOther_x,OtherRec_x,OtherAdopt_x,OtherReclaim_x,OtherEuth_x,EndInvOther_x,AllRec_x,AllAdopt_x,AllReclaim_x,AllEuth_x,index1_y,County_y,Year_y,BusName_y,City_y,Zip_y,License Type_y,DogSold_y,PupSold_y,CatSold_y,KitSold_y,ExoticSold_y,BegInvDog_y,DogRec_y,DogAdopt_y,DogReclaim_y,DogEuth_y,EndInvDogs_y,BegInvCat_y,CatRec_y,CatsAdopt_y,CatsReclaim_y,CatEuth_y,EndInvCats_y,BegInvOther_y,OtherRec_y,OtherAdopt_y,OtherReclaim_y,OtherEuth_y,EndInvOther_y,AllRec_y,AllAdopt_y,AllReclaim_y,AllEuth_y
0,1,Adams,2010,5531,Adams County Animal Shelter,Quincy,62305,Animal Control,0,0,0,0,0,0,295,223,65,7,0,0,26,26,0,0,0,0,10,4,1,5,0,331,253,66,12,16,Adams,2013,Adams County Animal Shelter,Quincy,62305,Animal Control,0,0,0,0,0,0,161,68,86,7,0,0,2,2,0,0,0,0,0,0,0,0,0,163,70,86,7
1,5,Adams,2010,13357,City of Quincy Animal Shelter,Quincy,62301,Animal Control,0,0,0,0,0,0,531,266,265,141,0,0,757,85,24,648,0,0,29,27,0,2,0,1317,378,289,791,15,Adams,2013,City of Quincy Animal Shelter,Quincy,62301,0,0,0,0,0,0,0,516,232,243,41,0,0,503,180,13,310,0,0,15,7,1,7,0,1034,419,257,358
2,9,Adams,2010,5700,Quincy Humane Society,Quincy,62305,Animal Shelter,0,0,0,0,0,0,593,253,4,4,0,0,347,321,0,27,0,0,26,25,0,1,0,966,599,4,32,19,Adams,2013,Quincy Humane Society,Quincy,62305,Animal Shelter,0,0,0,0,0,27,402,409,0,2,27,24,364,323,0,26,34,0,0,0,0,0,0,766,732,0,28
3,9,Adams,2010,5700,Quincy Humane Society,Quincy,62305,Animal Shelter,0,0,0,0,0,0,593,253,4,4,0,0,347,321,0,27,0,0,26,25,0,1,0,966,599,4,32,29,Adams,2013,Quincy Humane Society,Quincy,62305,Animal Shelter,0,0,0,0,0,27,402,409,0,2,27,24,364,323,0,26,34,0,0,0,0,0,0,766,732,0,28
4,12,Adams,2010,14089,Quincy K-9 Connection,Quincy,62305,Animal Shelter,0,0,0,0,0,0,24,0,0,0,0,0,0,0,0,0,0,0,0,0,0,0,0,24,0,0,0,21,Adams,2013,Quincy K-9 Connection,Quincy,62305,Animal Shelter,0,0,0,0,0,61,0,0,0,0,0,0,0,0,0,0,0,0,0,0,0,0,0,0,0,0,0
5,12,Adams,2010,14089,Quincy K-9 Connection,Quincy,62305,Animal Shelter,0,0,0,0,0,0,24,0,0,0,0,0,0,0,0,0,0,0,0,0,0,0,0,24,0,0,0,30,Adams,2013,Quincy K-9 Connection,Quincy,62305,Animal Shelter,0,0,0,0,0,61,0,0,0,0,0,0,0,0,0,0,0,0,0,0,0,0,0,0,0,0,0
6,34,Bond,2010,12864,Bond County Humane Society,Greenville,62246,Animal Shelter,0,0,0,0,0,0,0,0,0,0,0,0,61,52,0,4,0,0,0,0,0,0,0,61,52,0,4,42,Bond,2013,Bond County Humane Society,Greenville,62246,Animal Shelter,0,0,0,0,0,0,0,0,0,0,0,45,69,85,0,0,29,0,0,0,0,0,0,69,85,0,0
7,34,Bond,2010,12864,Bond County Humane Society,Greenville,62246,Animal Shelter,0,0,0,0,0,0,0,0,0,0,0,0,61,52,0,4,0,0,0,0,0,0,0,61,52,0,4,50,Bond,2013,Bond County Humane Society,Greenville,62246,Animal Shelter,0,0,0,0,0,0,0,0,0,0,0,45,69,85,0,0,29,0,0,0,0,0,0,69,85,0,0
8,40,Bond,2010,4351,Bond County/City of Greenville,Greenville,62246,Animal Control,0,0,0,0,0,0,189,0,66,108,0,0,40,0,1,39,0,0,0,0,0,0,0,229,0,67,147,39,Bond,2013,Bond County/City of Greenville,Greenville,62246,Animal Control,0,0,0,0,0,1,62,0,20,28,0,0,15,0,0,15,0,0,0,0,0,0,0,77,0,20,43
9,53,Boone,2010,3508,Boone County Animal Control,Belvidere,61008,Animal Control,0,0,0,0,0,0,416,40,286,90,0,0,39,0,0,39,0,0,12,2,0,10,0,467,42,286,139,56,Boone,2013,Boone County Animal Services,Belvidere,61008,Animal Control,0,0,0,0,0,0,363,83,172,108,0,0,167,118,1,48,0,0,10,9,0,1,0,540,210,173,157
10,53,Boone,2010,3508,Boone County Animal Control,Belvidere,61008,Animal Control,0,0,0,0,0,0,416,40,286,90,0,0,39,0,0,39,0,0,12,2,0,10,0,467,42,286,139,63,Boone,2013,Boone County Animal Services,Belvidere,61008,Animal Control,0,0,0,0,0,0,363,83,172,108,0,0,167,118,1,48,0,0,10,9,0,1,0,540,210,173,157
11,58,Boone,2010,12181,Fresh Start Animal Rescue Inc.,Belvidere,61008,Animal Shelter,0,0,0,0,0,0,476,422,0,2,0,0,133,129,0,3,0,0,0,0,0,0,0,609,551,0,5,69,Boone,2013,"Fresh Start Animal Rescue, Inc.",Belvidere,61008,Animal Shelter,102,310,66,97,0,24,417,412,0,3,26,18,198,163,0,4,49,0,1,1,0,0,0,616,576,0,7
12,61,Boone,2010,7126,Roscoe Animal Retreat,Roscoe,61073,Animal Shelter,0,0,0,0,0,0,0,1,0,0,0,0,0,0,0,0,0,0,0,0,0,0,0,0,1,0,0,70,Boone,2013,Roscoe Animal Retreat,Roscoe,61073,Animal Shelter,0,0,0,0,0,12,6,2,4,0,6,200,11,10,1,0,200,0,0,0,0,0,0,17,12,5,0
13,72,Brown,2010,6181,Brown County Animal Control,Mt. Sterling,62353,Animal Control,0,0,0,0,0,0,3,1,0,2,0,0,0,0,0,0,0,0,0,0,0,0,0,3,1,0,2,71,Brown,2013,Brown County Animal Control,Mt. Sterling,62353,Animal Control,0,0,0,0,0,0,3,2,0,0,1,0,0,0,0,0,0,0,0,0,0,0,0,3,2,0,0
14,72,Brown,2010,6181,Brown County Animal Control,Mt. Sterling,62353,Animal Control,0,0,0,0,0,0,3,1,0,2,0,0,0,0,0,0,0,0,0,0,0,0,0,3,1,0,2,80,Brown,2013,Brown County Animal Control,Mt. Sterling,62353,Animal Control,0,0,0,0,0,0,3,2,0,0,1,0,0,0,0,0,0,0,0,0,0,0,0,3,2,0,0
15,75,Brown,2010,8899,City of Mt. Sterling,Mt. Sterling,62353,Kennel Operator,0,0,0,0,0,0,14,0,14,0,0,0,0,0,0,0,0,0,0,0,0,0, ,14,0,14,0,81,Brown,2013,City of Mt. Sterling,Mt. Sterling,62353,Animal Control,0,0,0,0,0,0,12,0,12,0,0,0,0,0,0,0,0,0,0,0,0,0,0,12,0,12,0
16,78,Brown,2010,10161,Village of Versailles,Versailles,62378,Animal Control,0,0,0,0,0,0,1,0,0,0,0,0,0,0,0,0,0,0,0,0,0,0,0,1,0,0,0,82,Brown,2013,Village of Versailles,Versailles,62378,0,1,0,0,0,0,0,4,2,2,0,0,0,0,0,0,0,0,0,0,0,0,0,0,4,2,2,0
17,90,Bureau,2010,9990,Bureau County Animal Control,Princeton,61356,Animal Control,0,0,0,0,0,0,105,53,30,22,0,0,0,0,0,0,0,0,0,0,0,0,0,105,53,30,22,95,Bureau,2013,Bureau County Animal Control,Princeton,61356,Animal Control,0,0,0,0,0,0,53,29,14,10,0,0,0,0,0,0,0,0,0,0,0,0,0,53,29,14,10
18,93,Bureau,2010,8180,Friends Of Strays Inc.,Princeton,61356,Animal Shelter,0,0,0,0,0,0,117,111,0,0,0,0,252,227,0,14,0,0,7,7,0,0,0,376,345,0,14,103,Bureau,2013,"Friends of Strays, Inc.",Princeton,61356,Animal Shelter,51,16,123,59,0,29,79,67,0,2,39,371,180,182,0,26,343,0,0,0,0,0,0,259,249,0,28
19,107,Calhoun,2010,14049,Andrea's Adoptive Puppies,Hardin,62047,Animal Shelter,0,0,0,0,0,0,150,150,0,0,0,0,0,0,0,0,0,0,0,0,0,0,0,150,150,0,0,111,Calhoun,2013,Andrea's Adoptive Puppies,Hardin,62047,Animal Shelter,10,100,0,0,0,0,100,99,0,1,0,0,0,0,0,0,0,0,0,0,0,0,0,100,99,0,1
20,113,Carroll,2010,15,Carroll County Animal Pound,Mt. Carroll,61053,Animal Control,0,0,0,0,0,0,111,61,41,3,0,0,0,0,0,0,0,0,0,0,0,0,0,111,61,41,3,118,Carroll,2013,Carroll County Animal Pound,Mt. Carroll,61053,Animal Control,0,0,0,0,0,6,91,41,42,8,6,0,0,0,0,0,0,0,0,0,0,0,0,91,41,42,8
21,116,Carroll,2010,11883,Heartland Pet Welfare Inc.,Savanna,61074,Animal Shelter,0,0,0,0,0,0,0,0,0,0,0,0,120,105,1,5,0,0,0,0,0,0,0,120,105,1,5,121,Carroll,2013,"Heartland Pet Welfare, Inc.",Savanna,61074,Animal Shelter,0,0,0,0,0,0,0,0,0,0,0,53,123,107,0,2,67,0,0,0,0,0,0,123,107,0,2
22,123,Cass,2010,3598,Cass County Animal Control,Virginia,62691,Animal Control,0,0,0,0,0,0,0,226,128,61,36,0,0,0,0,0,0,0,0,0,0,0,0,0,226,128,61,128,Cass,2013,Cass County Animal Control,Virginia,62691,Animal Control,0,0,0,0,0,0,205,104,60,41,0,0,0,0,0,0,0,0,0,0,0,0,0,205,104,60,41
23,132,Champaign,2010,11702,Catsnap,Champaign,61820,Animal Shelter,0,0,0,0,0,0,17,14,1,0,0,315,264,3,7,0,0,0,0,0,0,0,0,281,17,8,0,166,Champaign,2013,Catsnap,Rantoul,61866,Animal Shelter,0,0,0,0,0,0,2,1,1,0,0,47,110,129,2,2,28,0,0,0,0,0,0,112,130,3,2
24,134,Champaign,2010,12439,Cattails Feline Rescue,Urbana,61802,Animal Shelter,0,0,60,153,0,0,0,0,0,0,0,0,213,218,0,0,0,0,0,0,0,0,0,213,218,0,0,1757,Mclean,2013,Cattails Feline Rescue,Leroy,61752,Animal Shelter,0,0,61,153,0,0,0,0,0,0,0,100,230,214,0,0,116,0,0,0,0,0,0,230,214,0,0
25,136,Champaign,2010,11647,Champaign County Animal Services,Urbana,61820,Animal Control,0,0,0,0,0,0,1172,200,507,465,0,0,884,421,49,414,0,0,17,10,1,6,0,2073,631,557,885,155,Champaign,2013,Champaign County Animal Services,Urbana,61820,Animal Control,0,0,0,0,0,0,923,215,369,339,0,0,753,419,34,300,0,0,40,29,2,9,0,1716,663,405,648
26,146,Champaign,2010,10984,Prairieland Anti-Cruelty Program,Champaign,61822,Animal Shelter,0,0,0,0,0,0,9,7,0,7,0,0,304,122,0,90,0,0,0,0,0,0,0,313,129,0,97,164,Champaign,2013,Prairieland Anti-Cruelty Program,Champaign,61822,Kennel Operator & Animal Shelter,0,0,0,0,0,0,8,6,0,2,0,65,214,191,0,34,54,0,0,0,0,0,0,222,197,0,36
27,146,Champaign,2010,10984,Prairieland Anti-Cruelty Program,Champaign,61822,Animal Shelter,0,0,0,0,0,0,9,7,0,7,0,0,304,122,0,90,0,0,0,0,0,0,0,313,129,0,97,167,Champaign,2013,Prairieland Anti-Cruelty Program,Champaign,61822,Kennel Operator & Animal Shelter,0,0,0,0,0,0,8,6,0,2,0,65,214,191,0,34,54,0,0,0,0,0,0,222,197,0,36
28,149,Champaign,2010,22,Rantoul Dog Pound,Rantoul,61866,Animal Control,0,0,0,0,0,0,10,0,0,0,0,0,3,0,0,0,0,0,0,0,0,0,0,13,0,0,0,154,Champaign,2013,Rantoul Dog Pound,Rantoul,61866,Animal Control,0,0,0,0,0,0,0,0,0,0,0,0,0,0,0,0,0,0,0,0,0,0,0,0,0,0,0
29,152,Champaign,2010,11459,Wing of Wonder Avian Rescue,Mahomet,61853,Animal Shelter,0,0,0,0,0,0,0,0,0,0,0,0,0,0,0,0,0,0,64,32,0,2,0,64,32,0,2,165,Champaign,2013,Wings of Wonder Avian Rescue,Mahomet,61853,Animal Shelter,0,0,0,0,15,0,0,0,0,0,0,0,0,0,0,0,0,40,15,15,0,0,40,15,15,0,0
30,170,Christian,2010,29,Christian County Animal Control,Taylorville,62568,Animal Control,0,0,0,0,0,0,221,144,51,26,0,0,50,36,5,9,0,0,0,0,0,0,0,271,180,56,35,177,Christian,2013,Christian County Animal Control,Taylorville,62568,Animal Control,0,0,0,0,0,0,175,98,47,30,0,0,60,55,5,0,0,0,0,0,0,0,0,235,153,52,30
31,172,Christian,2010,8278,City of Assumption,Assumption,62510,Animal Control,0,0,0,0,0,0,10,0,10,0,0,0,5,0,5,0,0,0,0,0,0,0,0,15,0,15,0,176,Christian,2013,City of Assumption,Assumption,62510,Animal Control,0,0,0,0,0,0,10,0,7,3,0,0,5,0,4,1,0,0,8,0,0,8,0,23,0,11,12
32,180,Clark,2010,7961,Baird's Pound,Martinsville,62442,Animal Control,0,0,0,0,0,0,6,0,3,0,0,0,0,0,0,0,0,0,0,0,0,0,0,6,0,3,0,183,Clark,2013,Baird's Pound,Martinsville,62442,Animal Control,0,0,0,0,0,0,10,0,7,0,0,0,0,0,0,0,0,0,0,0,0,0,0,10,0,7,0
33,180,Clark,2010,7961,Baird's Pound,Martinsville,62442,Animal Control,0,0,0,0,0,0,6,0,3,0,0,0,0,0,0,0,0,0,0,0,0,0,0,6,0,3,0,194,Clark,2013,Baird's Pound,Martinsville,62442,Animal Control,0,0,0,0,0,0,10,0,7,0,0,0,0,0,0,0,0,0,0,0,0,0,0,10,0,7,0
34,184,Clark,2010,6577,Bender's Townhouse Kennels,West Union,62477,Animal Control,0,0,0,0,0,0,168,89,21,46,0,0,0,0,0,0,0,0,0,0,0,0,0,168,89,21,46,187,Clark,2013,Bender's Townhouse Kennels,West Union,62477,Animal Control,0,0,0,0,0,0,231,147,65,14,5,0,0,0,0,0,0,0,0,0,0,0,0,231,147,65,14
35,184,Clark,2010,6577,Bender's Townhouse Kennels,West Union,62477,Animal Control,0,0,0,0,0,0,168,89,21,46,0,0,0,0,0,0,0,0,0,0,0,0,0,168,89,21,46,193,Clark,2013,Bender's Townhouse Kennels,West Union,62477,Animal Control,0,0,0,0,0,0,184,108,41,27,8,0,0,0,0,0,0,0,0,0,0,0,0,184,108,41,27
36,191,Clark,2010,31,City of Casey,Casey,62420,Animal Control,0,0,0,0,0,0,63,0,23,0,0,0,0,0,0,0,0,0,0,0,0,0,0,63,0,23,0,192,Clark,2013,City of Casey,Casey,62420,Animal Control,0,0,0,0,0,0,28,0,18,10,1,0,0,0,0,0,0,0,3,0,3,0,0,31,0,21,10
37,191,Clark,2010,31,City of Casey,Casey,62420,Animal Control,0,0,0,0,0,0,63,0,23,0,0,0,0,0,0,0,0,0,0,0,0,0,0,63,0,23,0,195,Clark,2013,City of Casey,Casey,62420,0,0,0,0,0,0,0,15,0,10,0,0,0,0,0,0,0,0,0,0,0,0,0,0,15,0,10,0
38,207,Clinton,2010,12630,Centralia Humane Society,Centralia,62801,Animal Shelter,0,0,0,0,0,0,130,122,12,0,0,0,117,57,10,0,0,0,0,0,0,0,0,247,179,22,0,219,Clinton,2013,Centralia Humane Society,Centralia,62801,Animal Shelter,0,0,0,0,0,34,77,78,8,2,39,50,44,44,6,6,50,0,0,0,0,0,0,121,122,14,8
39,210,Clinton,2010,3586,Clinton County Animal Control,Carlyle,62231,Animal Control,0,0,0,0,0,0,652,166,235,251,0,0,575,33,15,527,0,0,0,0,0,0,0,1227,199,250,778,215,Clinton,2013,Clinton County Animal Control,Carlyle,62231,Animal Control,0,0,0,0,0,12,408,155,178,92,2,5,689,37,13,625,19,0,8,0,0,8,0,1105,192,191,725
40,222,Coles,2010,5242,Coles County Animal Shelter,Charleston,61920,Animal Control Facility,0,0,0,0,0,0,1002,326,266,381,0,0,900,174,9,524,0,0,113,11,80,22,0,2015,511,355,927,230,Coles,2013,Coles County Animal Shelter,Charleston,61920,Animal Control,0,0,0,0,0,867,867,368,238,218,43,815,815,176,11,596,32,0,0,0,0,0,0,1682,544,249,814
41,225,Coles,2010,11250,Genesis Animal Rescue,Mattoon,61938,Animal Shelter,0,0,0,0,0,0,87,75,1,1,0,0,45,25,14,0,0,0,0,0,0,0,0,132,100,15,1,234,Coles,2013,Genesis Animal Rescue,Matton,61938,Animal Shelter,0,0,0,0,0,18,37,49,1,1,1,7,33,32,1,0,7,0,0,0,0,0,0,70,81,2,1
42,225,Coles,2010,11250,Genesis Animal Rescue,Mattoon,61938,Animal Shelter,0,0,0,0,0,0,87,75,1,1,0,0,45,25,14,0,0,0,0,0,0,0,0,132,100,15,1,236,Coles,2013,Genesis Animal Rescue,Mattoon,61938,Animal Shelter,0,0,0,0,0,18,37,49,1,1,1,7,33,32,1,0,7,0,0,0,0,0,0,70,81,2,1
43,228,Coles,2010,8779,Kieffer's K-9 Country Club,Mattoon,61938,Animal Shelter,0,0,0,0,0,0,4,3,0,0,75,56,5,1,0,0,0,0,1,0,0,0,0,10,4,0,0,235,Coles,2013,Kieffer's K-9 Country Club,Mattoon,61938,Animal Shelter,0,0,0,0,0,5,0,4,0,1,0,38,0,18,0,2,18,0,0,0,0,0,0,0,22,0,3
44,586,Crawford,2010,8940,Crawford County Humane Society,Robinson,62454-3356,Animal Shelter,0,0,0,0,0,0,723,75,123,62,0,0,738,24,4,224,0,0,0,0,0,0,0,1461,99,127,286,597,Crawford,2013,Crawford County Humane Society,Robinson,62454,Animal Control Facility,55,13,15,6,1,71,545,68,93,46,63,355,356,21,0,47,487,0,0,0,0,0,0,901,89,93,93
45,590,Crawford,2010,14047,Crawford County Spay & Neuter Foundation,Robinson,62454,Animal Shelter,0,0,0,0,0,0,0,0,0,0,0,0,76,31,0,9,0,0,0,0,0,0,0,76,31,0,9,598,Crawford,2013,Crawford County Spay & Neuter Foundation,Robinson,62454,Animal Shelter,0,0,0,0,0,0,0,0,0,0,0,3,520,145,340,35,3,0,0,0,0,0,0,520,145,340,35
46,602,Cumberland,2010,6512,Cumberland County Pound,Toledo,62468,Animal Shelter,0,0,0,0,0,0,67,60,10,7,0,0,0,0,0,0,0,0,0,0,0,0,0,67,60,10,7,607,Cumberland,2013,Cumberland County Animal Control,Toledo,62468,0,0,0,0,0,0,6,76,48,28,6,0,0,0,0,0,0,0,0,0,0,0,0,0,76,48,28,6
47,605,Cumberland,2010,8443,Neoga Animal Shelter,Neoga,62447,Animal Control,0,0,0,0,0,0,5,0,1,0,0,0,13,0,0,13,0,0,0,0,0,0,0,18,0,1,13,608,Cumberland,2013,Neoga Animal Shelter,Neoga,62447,Animal Control,0,0,0,0,0,0,13,0,11,0,0,0,7,0,7,0,0,0,0,0,0,0,0,20,0,18,0
48,613,Dekalb,2010,11842,Dalmatian Rescue of Illinois,Dekalb,60115,Animal Shelter,0,0,0,0,0,0,36,28,0,3,0,0,0,0,0,0,0,0,0,0,0,0,0,36,28,0,3,641,Dekalb,2013,Dalmatian Rescue of Illinois,Dekalb,60115,0,0,0,0,0,0,0,12,10,0,1,1,0,0,0,0,0,0,0,0,0,0,0,0,12,10,0,1
49,617,Dekalb,2010,3343,Dekalb County Animal Shelter,Genoa,60135-7612,Animal Shelter,0,0,0,0,0,0,246,222,38,5,0,0,160,159,15,13,0,0,2,2,0,0,0,408,383,53,18,635,Dekalb,2013,Dekalb County Animal Shelter,Genoa,60135,Animal Shelter,0,0,0,0,0,37,170,146,10,10,37,89,195,165,5,25,89,0,2,2,0,0,0,367,313,15,35
50,619,Dekalb,2010,13597,"Fixin' Feral Felines, INC.",Dekalb,60115,Animal Shelter,0,0,18,139,0,0,0,0,0,0,0,0,351,157,0,39,0,0,0,0,0,0,0,351,157,0,39,1741,McLean,2013,City of Leroy,Leroy,61752,0,0,0,0,0,0,0,17,5,12,0,0,0,1,1,0,0,0,0,0,0,0,0,0,18,6,12,0
51,623,Dekalb,2010,9944,Recycling Animals In Need (R.A.I.N.),Hinckley,60520-0810,Animal Shelter,0,0,0,0,0,0,18,17,0,0,0,0,26,20,0,0,0,0,0,0,0,0,0,44,37,0,0,639,Dekalb,2013,Recycling Animals in Need (R.A.I.N.),Hinckley,60520,Animal Shelter,0,0,0,0,0,0,0,0,0,0,0,2,2,0,0,0,4,0,0,0,0,0,0,2,0,0,0
52,626,Dekalb,2010,10584,Tails Humane Society,Dekalb,60115,Animal Shelter,0,0,0,0,0,0,1004,867,34,68,0,0,1068,881,36,167,0,0,188,126,1,9,0,2260,1874,71,244,643,Dekalb,2013,Tails Humane Society,Dekalb,60115,Animal Shelter,675,677,294,397,0,182,1576,1352,70,82,112,116,902,691,59,157,76,15,130,108,0,4,18,2608,2151,129,243
53,644,Dewitt,2010,1395,Dewitt County Animal Control,Clinton,61727,Animal Control,0,0,0,0,0,0,142,66,63,8,0,0,155,45,0,20,0,0,0,0,0,0,0,297,111,63,28,650,Dewitt,2013,Dewitt County Animal Control,Clinton,61727,Animal Control,0,0,0,0,0,5,144,59,82,4,4,7,152,124,6,7,22,0,2,1,0,1,4,298,184,88,12
54,647,Dewitt,2010,13301,"Second Chance Pet Adoptions, Inc.",Clinton,61727,Animal Shelter,0,0,0,0,0,0,0,72,0,2,0,0,0,41,0,0,0,0,0,0,0,0,0,0,113,0,2,653,Dewitt,2013,"Second Chance Pet Adoptions, Inc.",Clinton,61727,Animal Shelter,0,0,0,0,0,0,58,40,0,2,16,0,40,25,0,0,15,0,3,1,0,0,2,101,66,0,2
55,654,Douglas,2010,9011,City of Arcola,Arcola,61910-0215,Animal Control,0,0,0,0,0,0,10,0,10,0,0,0,0,0,0,0,0,0,0,0,0,0,0,10,0,10,0,664,Douglas,2013,City of Arcola,Arcola,61910-0215,Animal Control,0,0,0,0,0,0,15,5,10,0,0,0,0,0,0,0,0,0,0,0,0,0,0,15,5,10,0
56,658,Douglas,2010,3259,Douglas County Animal Control,Tuscola,61953-0320,Animal Control,0,0,0,0,0,0,56,12,18,1,0,0,24,8,10,0,0,0,0,0,0,0,0,80,20,28,1,663,Douglas,2013,Douglas County Animal Control,Tuscola,61953-0192,Animal Control,45,20,5,10,0,8,80,65,20,5,8,3,15,15,0,0,3,0,0,0,0,0,0,95,80,20,5
57,660,Douglas,2010,5007,Villa Grove Animal Control,Villa Grove,61956-1500,Animal Control,0,0,0,0,0,0,10,0,8,0,0,0,0,0,0,0,0,0,0,0,0,0,0,10,0,8,0,665,Douglas,2013,Villa Grove Animal Control,Villa Grove,61956-1500,0,0,0,0,0,0,0,4,0,4,0,0,0,0,0,0,0,0,0,0,0,0,0,0,4,0,4,0
58,781,Edgar,2010,169,Edgar County Animal Control,Paris,61944-0381,Animal Control,1,0,0,0,0,0,214,1,202,11,0,0,15,15,0,0,0,0,0,0,0,0,0,229,16,202,11,792,Edgar,2013,Edgar County Animal Control,Paris,61944-0381,Animal Control,0,0,0,0,0,8,247,196,51,21,8,0,0,0,0,0,0,0,0,0,0,0,0,247,196,51,21
59,789,Edgar,2010,13885,Save a Mutt Shelter & Rescue,Chrisman,61924,Animal Shelter,0,0,0,0,0,0,162,112,2,0,0,0,0,0,0,0,0,0,0,0,0,0,0,162,112,2,0,800,Edgar,2013,Save A Mutt Shelter & Rescue,Chrisman,61924,0,0,0,0,0,0,9,167,140,3,10,23,1,0,0,0,0,1,2,0,0,0,0,2,167,140,3,10
60,801,Edwards,2010,7794,Albion Animal Pound,Albion,62806-1016,Animal Control,0,0,0,0,0,0,37,0,23,14,0,0,42,0,4,38,0,0,120,0,0,0,0,199,0,27,52,804,Edwards,2013,Albion Animal Pound,Albion,62806-1016,Animal Control,0,0,0,0,0,0,72,0,12,60,0,0,20,0,0,20,0,0,22,0,0,0,0,114,0,12,80
61,801,Edwards,2010,7794,Albion Animal Pound,Albion,62806-1016,Animal Control,0,0,0,0,0,0,37,0,23,14,0,0,42,0,4,38,0,0,120,0,0,0,0,199,0,27,52,805,Edwards,2013,Albion Animal Pound,Albion,62806-1016,Animal Control,0,0,0,0,0,0,72,0,12,60,0,0,20,0,0,20,0,0,22,0,0,0,0,114,0,12,80
62,808,Effingham,2010,13912,E.A.R.S.,Effingham,62401,Animal Shelter,0,0,0,0,0,0,183,179,1,2,0,0,60,35,0,4,0,0,1,0,0,0,0,244,214,1,6,819,Effingham,2013,E.A.R.S.,Effingham,62401,Animal Shelter,0,0,0,0,0,12,205,194,6,0,17,8,61,55,0,0,14,0,0,0,0,0,0,266,249,6,0
63,811,Effingham,2010,171,Effingham County Animal Control,Effingham,62401,Animal Control,0,0,0,0,0,0,364,110,73,181,0,0,143,7,4,132,0,0,0,0,0,0,0,507,117,77,313,816,Effingham,2013,Effingham County Animal Control,Effingham,62401,Animal Control,40,7,1,0,0,7,238,47,62,127,9,0,152,1,6,141,4,0,10,0,0,10,0,400,48,68,278
64,813,Effingham,2010,10855,Effingham County Humane Society,Effingham,62401,Animal Shelter,0,0,0,0,0,0,88,72,6,0,0,0,69,65,0,2,0,0,0,0,0,0,0,157,137,6,2,820,Effingham,2013,Effingham County Humane Society,Effingham,62401,Animal Shelter,0,0,0,0,0,12,79,68,6,0,11,41,83,69,0,3,37,0,0,0,0,0,0,162,137,6,3
65,822,Fayette,2010,9936,Fayette County Animal Control,Vandalia,62471,Animal Control,0,0,0,0,0,0,916,72,63,781,0,0,314,1,3,310,0,0,0,0,0,0,0,1230,73,66,1091,827,Fayette,2013,Fayette County Animal Control,Vandalia,62471,Animal Control,0,0,0,0,0,10,155,54,16,75,10,2,75,10,0,63,4,0,0,0,0,0,0,230,64,16,138
66,825,Fayette,2010,11249,Second Chance Animal Rescue,Vandalia,62471,Animal Shelter,50,120,0,0,0,0,170,170,0,0,0,0,0,0,0,0,0,0,0,0,0,0,0,170,170,0,0,830,Fayette,2013,Second Chance Animal Rescue,Vandalia,62471,Animal Shelter,160,14,0,0,0,20,160,174,0,0,6,0,0,0,0,0,0,0,0,0,0,0,0,160,174,0,0
67,832,Franklin,2010,6989,City of Christopher,Christopher,62822,Animal Control,0,0,0,0,0,0,0,79,5,27,49,0,0,23,22,1,0,0,0,0,0,0,0,0,102,27,28,837,Franklin,2013,City of Christopher,Christopher,62822,Animal Control,0,0,0,0,0,0,0,0,0,0,0,0,0,0,0,0,0,0,0,0,0,0,0,0,0,0,0
68,835,Franklin,2010,4486,Franklin County Dog Pound,Benton,62812,Animal Control,0,0,0,0,0,0,1253,517,72,664,0,0,1265,380,16,869,0,0,4,0,0,4,0,2522,897,88,1537,838,Franklin,2013,Franklin County Animal Control,Benton,62812,Animal Control,0,0,0,0,0,8,772,118,128,523,11,6,1107,9,8,1090,0,0,0,0,0,0,0,1879,127,136,1613
69,844,Fulton,2010,189,Fulton County Animal Control,Canton,61520,Animal Shelter,0,0,0,0,0,0,574,432,137,0,0,0,458,447,14,33,0,0,0,0,0,0,0,1032,879,151,33,850,Fulton,2013,Fulton County Animal Control,Canton,61520,Animal Control,0,0,0,0,0,15,396,266,117,5,12,25,313,439,2,2,18,0,0,0,0,0,0,709,705,119,7
70,847,Fulton,2010,9650,Humane Society of Fulton County,Canton,61520,Animal Shelter,0,0,0,0,0,0,574,432,137,24,0,0,458,447,14,33,0,0,0,0,0,0,0,1032,879,151,57,853,Fulton,2013,Humane Society of Fulton County,Canton,61520,Animal Shelter,0,0,0,0,0,8,396,266,117,5,16,23,560,439,2,2,140,0,0,0,0,0,0,956,705,119,7
71,859,Greene,2010,12195,Ghrist Vet Clinic--Carrollton Branch,Carrollton,62016,Animal Control,0,0,0,0,0,0,200,48,23,129,0,0,98,2,1,95,0,0,0,0,0,0,0,298,50,24,224,871,Greene,2013,Ghrist Vet Clinic--Carrollton Branch,Carrollton,62016,Animal Control,0,0,0,0,0,0,15,2,9,4,0,0,23,7,0,16,0,0,0,0,0,0,0,38,9,9,20
72,866,Greene,2010,8675,The Dog P.E.N.,Roodhouse,62082,Animal Shelter,139,12,43,29,0,0,161,153,0,0,0,0,81,72,0,0,0,0,0,0,0,0,0,242,225,0,0,876,Greene,2013,The Dog P.E.N.,Roodhouse,62082,Animal Shelter,55,11,140,38,0,12,66,66,0,0,12,0,178,178,0,0,0,0,0,0,0,0,0,244,244,0,0
73,869,Greene,2010,8432,White Hall Animal Control,White Hall,62092,Animal Control,0,0,0,0,0,0,19,1,12,6,0,0,0,0,0,0,0,0,0,0,0,0,0,19,1,12,6,872,Greene,2013,White Hall Animal Control,White Hall,62092,Animal Control,0,0,0,0,0,0,18,6,12,0,0,0,0,0,0,0,0,0,0,0,0,0,0,18,6,12,0
74,882,Grundy,2010,3700,Grundy County Animal Control,Morris,60450,Animal Control,0,0,0,0,0,0,299,87,130,70,0,0,359,15,8,267,0,0,0,0,0,0,0,658,102,138,337,891,Grundy,2013,Grundy County Animal Control,Morris,60450,Animal Control,62,0,24,0,0,21,277,62,155,37,18,9,270,24,7,163,25,0,4,4,0,0,0,551,90,162,200
75,885,Grundy,2010,7683,Gundy County Humane Society,Coal City,60416,Animal Shelter,0,0,0,0,0,0,63,57,1,0,0,0,19,12,0,4,0,0,0,0,0,0,0,82,69,1,4,898,Grundy,2013,Grundy County Humane Society,Coal City,60416,Animal Shelter,0,0,0,0,0,1,19,20,0,0,0,2,4,6,0,0,0,0,0,0,0,0,0,23,26,0,0
76,888,Grundy,2010,8514,Just Animals Placement Service,Mazon,60444,Animal Shelter,85,47,142,161,0,0,99,132,3,3,0,0,212,303,2,7,0,0,0,0,0,0,0,311,435,5,10,899,Grundy,2013,Just Animals Placement Service,Mazon,60444,Animal Shelter,18,5,81,224,0,16,28,23,0,0,5,37,343,342,2,1,35,0,0,0,0,0,0,371,365,2,1
77,901,Hamilton,2010,5801,City of Mcleansboro,Mcleansboro,62859,Animal Control,0,0,0,0,0,0,45,32,13,0,0,0,14,14,0,0,0,0,0,0,0,0,0,59,46,13,0,903,Hamilton,2013,City of Mcleansboro,Mcleansboro,62859,Animal Control,0,0,0,0,0,2,39,33,2,4,3,0,0,0,0,4,0,0,0,0,0,0,0,39,33,2,8
78,906,Hancock,2010,1520,Hancock County Dog Pound,Basco,62313,Animal Control,0,0,0,0,0,0,349,222,57,70,0,0,0,0,0,0,0,0,0,0,0,0,0,349,222,57,70,916,Hancock,2013,Hancock County Dog Pound,Basco,62313,Animal Control,0,0,0,0,0,0,183,104,45,34,0,0,0,0,0,0,0,0,0,0,0,0,0,183,104,45,34
79,908,Hancock,2010,10626,Hearts of Hancock Humane Society,Carthage,62321,Animal Shelter,0,0,0,0,0,0,0,2,0,0,0,0,2,0,0,0,0,0,0,0,0,0,0,2,2,0,0,920,Hancock,2013,Hearts of Hancock Humane Society,Carthage,62321,Animal Shelter,0,0,0,0,0,4,13,14,0,0,3,22,14,11,0,1,24,0,0,0,0,0,0,27,25,0,1
80,914,Hancock,2010,13923,West Hancock Canine Rescue,Nauvoo,62354,Animal Shelter,0,0,0,0,0,0,191,4,1,0,0,0,6,0,0,0,0,0,0,0,0,0,0,197,4,1,0,921,Hancock,2013,West Hancock Canine Rescue,Hamilton,62341,Animal Shelter,0,0,0,0,0,0,39,27,0,0,12,0,0,0,0,0,0,0,0,0,0,0,0,39,27,0,0
81,923,Hardin,2010,8564,City of Rosiclare,Rosiclare,62982,0,0,0,0,0,0,0,19,0,19,0,0,0,0,0,0,0,0,0,0,0,0,0,0,19,0,19,0,925,Hardin,2013,City of Rosiclare,Rosiclare,62982,Animal Control,0,0,0,0,0,0,21,3,17,0,1,0,0,0,0,0,0,0,0,0,0,0,0,21,3,17,0
82,928,Henderson,2010,4651,Henderson County Dog Pound,Oquawka,61469,Animal Control,0,0,0,0,0,0,88,42,46,0,0,0,0,0,0,0,0,0,0,0,0,0,0,88,42,46,0,930,Henderson,2013,Henderson County Dog Pound,Oquawka,61469,Animal Control,0,0,0,0,0,0,82,27,50,5,0,0,0,0,0,0,0,0,0,0,0,0,0,82,27,50,5
83,936,Henry,2010,5196,Geneseo Police Department,Geneseo,61254,Animal Control,0,0,0,0,0,0,36,6,30,0,0,0,26,21,5,0,0,0,0,0,0,0,0,62,27,35,0,952,Henry,2013,Geneseo Police Department,Geneseo,61254,Animal Control,0,0,0,0,0,0,37,5,32,0,0,0,12,3,9,0,0,0,0,0,0,0,0,49,8,41,0
84,940,Henry,2010,12142,Henry CO Humane Society Geneseo Chapter,Genoseo,61254,Animal Shelter,0,0,0,0,0,0,45,44,0,1,0,0,286,304,0,8,0,0,0,0,0,0,0,331,348,0,9,960,Henry,2013,Henry Co. Humane Society Geneseo Chapter,Geneseo,61254,0,0,0,0,0,0,4,32,36,0,2,3,74,119,183,0,3,68,0,0,0,0,0,0,151,219,0,5
85,942,Henry,2010,6355,Henry CO Humane Society Kewanee Chapter,Kewanee,61443,Animal Shelter,0,0,0,0,0,0,90,115,0,5,0,0,61,90,0,15,0,0,0,0,0,0,0,151,205,0,20,961,Henry,2013,Henry Co. Humane Society Kewanee Chapter,Kewanee,61443,Animal Shelter,0,0,0,0,0,8,80,69,0,1,18,125,105,100,0,20,110,0,0,0,0,0,0,185,169,0,21
86,946,Henry,2010,5008,Henry County Animal Shelter,Cambridge,61238,Animal Control,0,0,0,0,0,0,119,45,70,4,0,0,23,19,0,4,0,0,0,0,0,11,0,142,64,70,19,950,Henry,2013,Henry County Animal Shelter,Cambridge,61238,Animal Control,0,0,0,0,0,0,0,0,0,0,0,0,0,0,0,0,0,0,0,0,0,0,0,0,0,0,0
87,948,Henry,2010,4988,Kewanee Animal Control Facility,Kewanee,61443,Animal Control,0,0,0,0,0,0,245,80,114,46,0,0,245,72,4,190,0,0,2,2,0,0,0,492,154,118,236,951,Henry,2013,Kewanee Animal Control Facility,Kewanee,61443,Animal Control,0,0,0,0,0,0,159,59,86,14,0,0,176,76,0,100,0,0,0,0,0,0,0,335,135,86,114
88,964,Iroquois,2010,13793,Iroquois County Animal Rescue NFP,Iroquois,60945,Animal Shelter,0,0,176,40,0,0,0,0,0,0,0,0,304,216,2,4,0,0,0,0,0,0,0,304,216,2,4,978,Iroquois,2013,"Iroquois County Animal Rescue, NFP",Iroquois,60945,Animal Shelter,0,0,98,60,0,0,0,0,0,0,0,90,88,158,8,2,10,0,0,0,0,0,0,88,158,8,2
89,969,Iroquois,2010,5477,Village of Onarga,Onarga,60955,Animal Control,0,0,0,0,0,0,5,0,5,7,0,0,0,0,0,0,0,0,0,0,0,0,0,5,0,5,7,975,Iroquois,2013,Village of Onarga,Onarga,60955,Animal Control,0,0,0,0,0,0,11,0,8,3,0,0,0,0,0,0,0,0,0,0,0,0,0,11,0,8,3
90,972,Iroquois,2010,7293,Wildwood Kennel,Watseka,60970,Animal Control,0,0,0,0,0,0,157,53,33,71,0,0,5,0,0,5,0,0,0,0,0,0,0,162,53,33,76,974,Iroquois,2013,Wildwood Kennel,Watseka,60970,0,0,0,0,0,0,6,54,23,6,25,0,0,0,0,0,0,0,0,0,0,0,0,0,54,23,6,25
91,980,Jackson,2010,204,Humane Society of Southern Illinois,Carbondale,62903,Animal Shelter,0,0,0,0,0,0,1159,126,189,550,0,0,1418,99,22,1029,0,0,150,15,0,85,0,2727,240,211,1664,995,Jackson,2013,Humane Society of Southern Illinois,Carbondale,62903,Animal Shelter,0,0,0,0,0,27,876,321,196,352,35,35,1332,115,27,1053,31,0,123,6,0,80,1,2331,442,223,1485
92,983,Jackson,2010,13839,Midwest Animal Rescue Service,Murphysboro,62966,Animal Shelter,2,57,0,3,0,0,59,59,0,0,0,0,3,3,0,0,0,0,0,0,0,0,0,62,62,0,0,996,Jackson,2013,Midwest Animal Rescue Service,Murphysboro,62966,Animal Shelter,3,56,1,2,0,7,73,59,0,2,19,7,5,3,0,0,10,0,0,0,0,0,0,78,62,0,2
93,986,Jackson,2010,12038,St. Francis Care,Murphysboro,62966,Animal Shelter,0,0,0,0,0,0,413,340,4,10,0,0,79,67,0,1,0,0,0,0,0,0,0,492,407,4,11,997,Jackson,2013,St. Francis Care,Murphysboro,62966,Animal Shelter,0,0,0,0,0,54,541,447,10,80,58,18,194,164,8,14,26,0,0,0,0,0,0,735,611,18,94
94,1000,Jasper,2010,11194,Jasper County Animal Control,Newton,62448,Animal Control,0,0,0,0,0,0,151,1,64,86,0,0,0,0,0,0,0,0,0,0,0,0,0,151,1,64,86,1002,Jasper,2013,County of Jasper,Newton,62448,0,0,0,0,0,0,0,94,0,53,41,0,0,0,0,0,0,0,0,0,0,0,0,0,94,0,53,41
95,1004,Jefferson,2010,11881,Australian Cattle Dog Rescue Of IL,Texico,62889,Dog Dealer,0,0,0,0,0,0,354,309,0,11,0,0,0,0,0,0,0,0,0,0,0,0,0,354,309,0,11,1024,Jefferson,2013,Australian Cattle Dog Rescue of IL,Texico,62889,Animal Shelter,93,11,0,0,0,35,139,93,0,24,47,0,0,0,0,0,0,0,0,0,0,0,0,139,93,0,24
96,1015,Jefferson,2010,5064,Jefferson Co. Animal Control,Mt. Vernon,62864,Animal Control,0,0,0,0,0,0,1211,163,524,524,0,0,919,40,11,869,0,0,0,0,0,0,0,2130,203,535,1393,1017,Jefferson,2013,Jefferson Co. Animal Control,Mt. Vernon,62864,Animal Control,0,0,0,0,0,14,1053,558,184,235,88,6,842,199,8,589,52,0,0,0,0,0,0,1895,757,192,824
97,1028,Jersey,2010,3850,Jerseyville Animal Control,Jerseyville,62052,Animal Control,0,0,0,0,0,0,111,0,22,89,0,0,65,0,4,61,0,0,0,0,0,0,0,176,0,26,150,1033,Jersey,2013,Jerseyville Animal Control,Jerseyville,62052,Animal Control,0,0,0,0,0,0,140,22,30,93,93,0,75,0,1,74,0,0,0,0,0,0,0,215,22,31,167
98,1031,Jersey,2010,12326,Riverbend Humane Society,Jerseyville,62052,Animal Shelter,0,0,0,0,0,0,30,60,1,1,0,0,33,14,0,3,0,0,0,0,0,0,0,63,74,1,4,1040,Jersey,2013,Riverbend Humane Society,Jerseyville,62052,Animal Shelter,0,0,0,0,0,22,23,26,0,0,19,42,20,14,0,2,46,0,0,0,0,0,0,43,40,0,2
99,1049,Jodaviess,2010,9465,Safe Haven Humane Society,Elizabeth,61028,Animal Shelter,0,0,0,0,0,0,99,91,7,1,0,0,60,53,1,2,0,0,0,0,0,0,0,159,144,8,3,1046,Jo Daviess,2013,Safe Haven Humane Society,Elizabeth,61028,Animal Shelter,0,0,0,0,0,10,96,96,2,0,8,12,76,71,0,3,14,0,0,0,0,0,0,172,167,2,3
100,1053,Jodaviess,2010,4982,Village of Warren,Warren,61087,0,0,0,0,0,0,0,5,0,5,0,0,0,0,0,0,0,0,0,0,0,0,0,0,5,0,5,0,1054,Jodaviess,2013,Village of Warren,Warren,61087,0,0,0,0,0,0,0,0,0,0,0,0,0,0,0,0,0,0,0,0,0,0,0,0,0,0,0,0
101,1056,Johnson,2010,10693,Goines Kennels,Vienna,62995,Animal Control Facility,0,0,0,0,0,0,431,0,72,359,0,0,28,0,0,28,0,0,0,0,0,0,0,459,0,72,387,1058,Johnson,2013,Goines Kennels,Vienna,62995,Animal Control,0,0,0,0,0,6,231,0,158,71,2,0,0,0,0,0,0,0,0,0,0,0,0,231,0,158,71
102,1068,Kane,2010,3626,Aurora Animal Control & Care,Aurora,60506,Animal Control,0,0,0,0,0,0,1359,175,433,459,0,0,1693,111,33,828,0,0,1129,0,2,288,0,4181,286,468,1575,1067,Kane,2013,Aurora Animal Control & Care,Aurora,60506,Animal Control,0,0,0,0,0,39,1356,628,426,320,21,22,1134,667,28,343,118,0,81,37,2,52,0,2571,1332,456,715
103,1068,Kane,2010,3626,Aurora Animal Control & Care,Aurora,60506,Animal Control,0,0,0,0,0,0,1359,175,433,459,0,0,1693,111,33,828,0,0,1129,0,2,288,0,4181,286,468,1575,1090,Kane,2013,Aurora Animal Control & Care,Aurora,60506,Animal Control,0,0,0,0,0,39,1356,628,426,320,21,22,1134,667,28,343,118,0,81,37,2,52,0,2571,1332,456,715
104,1140,Kankakee,2010,4822,Kanakakee County Humane Society Inc.,Kankakee,60901,Animal Shelter,0,0,0,0,0,0,228,230,1,1,0,0,84,97,0,1,0,0,0,0,0,0,0,312,327,1,2,1172,Kankakee,2013,"Kankakee County Humane Society, Inc.",Kankakee,60901,Animal Shelter,0,0,0,0,0,26,286,271,0,3,38,29,97,111,0,0,43,0,0,0,0,0,0,383,382,0,3
105,1143,Kankakee,2010,3970,Kankakee County Animal Control Center,Kankakee,60901,Animal Control,0,0,0,0,0,0,1065,413,257,395,0,0,385,160,7,418,0,0,81,41,7,33,0,1531,614,271,846,1171,Kankakee,2013,Kankakee County Animal Control Center,Kankakee,60901,Animal Control Facility,0,0,0,0,0,0,727,280,217,228,0,0,241,141,3,97,0,0,106,34,11,61,0,1074,455,231,386
106,1146,Kankakee,2010,11653,New Beginnings For Cats,Bourbonnais,60914,Animal Shelter,0,0,0,0,0,0,0,0,0,0,0,0,168,280,0,36,0,0,0,0,0,0,0,168,280,0,36,1173,Kankakee,2013,New Beginning for Cats,Bourbonnais,60914,Animal Shelter,0,0,0,0,0,0,0,0,0,0,0,99,314,258,0,66,130,0,0,0,0,0,0,314,258,0,66
107,1159,Kankakee,2010,13825,Village of Manteno Animal Control,Manteno,60950,Animal Control,0,0,0,0,0,0,20,1,14,5,0,0,8,2,2,4,0,0,0,0,0,0,0,28,3,16,9,1161,Kankakee,2013,Village of Manteno Animal Control,Manteno,60950,0,0,0,0,0,0,0,15,0,13,2,0,0,2,0,2,0,0,0,2,1,1,0,0,19,1,16,2
108,1178,Kendall,2010,13910,Annie's Little Angels Small Breed Rescue,Oswego,60543,Animal Shelter,0,0,0,0,0,0,30,30,0,0,0,0,0,0,0,0,0,0,0,0,0,0,0,30,30,0,0,2376,Will,2013,Annie's Little Angels Small Breed Rescue,Plainfield,60544,Animal Shelter,0,0,0,0,0,3,0,3,0,0,0,0,0,0,0,0,0,0,0,0,0,0,0,0,3,0,0
109,1181,Kendall,2010,13789,Eye On The Sparrow,Plano,60545,0,0,0,0,0,0,0,253,250,1,2,0,0,0,0,0,0,0,0,0,0,0,0,0,253,250,1,2,1225,Kendall,2013,Eye on the Sparrow,Montgomery,60538,0,0,0,0,0,0,28,167,164,0,3,31,0,27,10,0,1,16,0,0,0,0,0,0,194,174,0,4
110,1184,Kendall,2010,11945,Greater Chicago Cavalier Rescue,Yorkville,60560,Animal Shelter,0,0,0,0,0,0,68,56,0,0,0,0,0,0,0,0,0,0,0,0,0,0,0,68,56,0,0,1219,Kendall,2013,Greater Chicago Cavalier Rescue,Yorkville,60560,Animal Shelter,0,0,0,0,0,8,75,71,0,2,9,0,0,0,0,0,0,0,0,0,0,0,0,75,71,0,2
111,1189,Kendall,2010,13987,Jellystone Bark's Rescue Rangers,Oswego,60543,Animal Shelter,20,14,0,0,0,0,0,0,0,1,0,0,0,0,0,0,0,0,0,0,0,0,0,0,0,0,1,1221,Kendall,2013,Jellystone Bark's Rescue Rangers,Oswego,60543,Animal Shelter,333,481,1,1,0,6,808,814,0,1,0,0,2,2,0,0,0,0,0,0,0,0,0,810,816,0,1
112,1192,Kendall,2010,478,Kendall County Animal Control,Yorkville,60560,Animal Control,198,1,44,39,0,0,363,199,80,28,0,0,134,83,1,0,0,0,0,0,0,0,0,497,282,81,28,1206,Kendall,2013,Kendall County Animal Control,Yorkville,60560,Animal Control,1118,0,71,0,0,22,401,105,209,28,18,9,216,93,7,19,15,0,0,0,0,0,0,617,198,216,47
113,1197,Kendall,2010,9577,Recycled Rotts Inc.,Oswego,60543,Animal Shelter,0,0,0,0,0,0,111,97,0,12,0,0,0,0,0,0,0,0,0,0,0,0,0,111,97,0,12,1222,Kendall,2013,"Recycled Rotts, Inc.",Oswego,60543,0,0,0,0,0,0,0,172,165,0,7,0,0,0,0,0,0,0,0,0,0,0,0,0,172,165,0,7
114,1200,Kendall,2010,13865,Sita's Dog Sanctuary & Safe Haven,Yorkville,60560,Animal Shelter,0,0,0,0,0,0,5,5,0,0,0,0,0,0,0,0,0,0,0,0,0,0,0,5,5,0,0,640,Dekalb,2013,Sita's Dog Rescue Adoption Agency,Dekalb,60115,Animal Shelter,0,0,0,0,0,0,23,23,0,0,0,0,3,3,0,0,0,0,0,0,0,0,0,26,26,0,0
115,1200,Kendall,2010,13865,Sita's Dog Sanctuary & Safe Haven,Yorkville,60560,Animal Shelter,0,0,0,0,0,0,5,5,0,0,0,0,0,0,0,0,0,0,0,0,0,0,0,5,5,0,0,642,Dekalb,2013,Sita's Dog Rescue Adoption Agency,Dekalb,60115,Animal Shelter,0,0,0,0,0,0,23,23,0,0,0,0,3,3,0,0,0,0,0,0,0,0,0,26,26,0,0
116,1204,Kendall,2010,10937,Western Irish Setter Club Inc.,Minooka,60447,Animal Shelter,0,0,0,0,0,0,15,15,0,0,0,0,1,1,0,0,0,0,0,0,0,0,0,16,16,0,0,1223,Kendall,2013,"Western Irish Setter Club, Inc.",Minooka,60447,Animal Shelter,2,0,0,0,0,0,2,2,0,0,0,0,0,0,0,0,0,0,0,0,0,0,0,2,2,0,0
117,1227,Knox,2010,13761,Guardian Angels Humane Society,Galesburg,61401,Animal Shelter,0,0,0,0,0,0,13,13,0,0,0,0,102,78,0,0,0,0,5,7,0,0,0,120,98,0,0,1240,Knox,2013,Guardian Angels Humane Society,Galesburg,61041,Animal Shelter,0,0,0,0,0,4,6,6,0,0,4,38,12,11,0,0,39,5,1,3,0,0,3,19,20,0,0
118,1231,Knox,2010,7871,Knox County Humane Society,Galesburg,61401-9770,Animal Shelter,433,71,246,63,0,0,769,504,202,37,0,0,517,309,6,121,0,0,0,0,0,0,0,1286,813,208,158,1241,Knox,2013,Knox County Humane Society,Galesburg,61401,0,0,0,0,0,0,0,0,700,384,100,26,0,0,446,244,2,3,0,0,0,0,0,0,0,1146,628,102
119,1234,Knox,2010,8448,Knoxville Animal Control,Knoxville,61448,Animal Control,0,0,0,0,0,0,26,2,24,0,0,0,0,0,0,0,0,0,0,0,0,0,0,26,2,24,0,1236,Knox,2013,Knoxville Animal Control,Knoxville,61448,Animal Control,0,0,0,0,0,0,17,0,17,0,0,0,3,0,3,0,0,0,0,0,0,0,0,20,0,20,0
120,1235,Knox,2010,13922,River King Newfoundland Club Rescue,Brighton,62012,Animal Shelter,0,0,0,0,0,0,6,6,0,0,0,0,0,0,0,0,0,0,0,0,0,0,0,6,6,0,0,1794,Montgomery,2013,River King Newfoundland Club Rescue,Brighton,62012,0,0,0,0,0,0,0,7,6,0,1,0,0,0,0,0,0,0,0,0,0,0,0,0,7,6,0,1
121,1351,Lasalle,2010,13358,City of Streator Animal Control,Streator,61364,Animal Control,0,0,0,0,0,0,90,0,80,10,0,0,75,0,0,75,0,0,0,0,0,0,0,165,0,80,85,1371,Lasalle,2013,City of Streator Animal Control,Streator,61364,Animal Control,0,0,0,0,0,0,79,24,50,5,0,0,12,10,1,1,0,0,0,0,0,0,0,91,34,51,6
122,1355,Lasalle,2010,10281,Illinois Valley Animal Rescue,Lasalle,61301,Animal Shelter,0,0,0,0,0,0,275,225,35,15,0,0,600,100,15,485,0,0,2,0,2,0,0,877,325,52,500,1383,LaSalle,2013,"Illinois Valley Animal Rescue, Inc.",LaSalle,61301,Animal Shelter,0,0,0,0,0,55,352,235,84,26,62,318,499,228,8,225,356,0,0,0,0,0,0,851,463,92,251
123,1357,LaSalle,2010,13822,Illinois Valley Cat Taxi,Mendota,61342,Animal Shelter,0,0,0,0,0,0,3,3,0,0,0,0,238,230,0,0,0,0,0,0,0,0,0,241,233,0,0,1382,LaSalle,2013,Safe House Animal Rescue League NFP,Dalzell,61320,Animal Shelter,0,0,0,0,0,0,0,0,0,0,0,14,193,148,0,13,46,0,0,0,0,0,0,193,148,0,13
124,1363,Lasalle,2010,8073,Pet Project Inc.,Marseilles,61341,Animal Shelter,0,0,0,0,0,0,178,171,0,0,0,0,73,45,0,1,0,0,0,0,0,0,0,251,216,0,1,1380,LaSalle,2013,"Pet Project, Inc.",Marseilles,61341,Animal Shelter,0,0,0,0,0,19,116,117,1,1,16,23,104,107,0,2,18,0,0,0,0,0,0,220,224,1,3
125,1386,Lawrence,2010,5422,Lawrence County Animal Control,Lawrenceville,62439,Animal Control,0,0,0,0,0,0,175,16,37,6,0,0,142,3,4,33,0,0,0,0,0,0,0,317,19,41,39,1393,Lawrence,2013,Lawrence County Animal Control,Lawrenceville,62439,Animal Control,0,0,0,0,0,5,87,6,27,10,1,2,44,1,0,18,0,0,0,0,0,0,0,131,7,27,28
126,1389,Lawrence,2010,8603,Lawrence County Humane Society (CATS),Lawrenceville,62439,Animal Shelter,55,15,13,10,0,0,271,55,18,12,0,0,179,23,5,15,0,0,0,0,0,0,0,450,78,23,27,1397,Lawrence,2013,Lawrence County Humane Society (Cats),Lawrenceville,62439,0,0,0,0,0,0,0,0,0,0,0,0,78,65,10,0,36,80,0,0,0,0,0,0,65,10,0,36
127,1401,Lee,2010,8565,City of Amboy,Amboy,61310,Animal Control,0,0,0,0,0,0,13,1,12,0,0,0,15,0,1,14,0,0,0,0,0,0,0,28,1,13,14,1412,Lee,2013,City of Amboy,Amboy,61310,0,0,0,0,0,0,0,30,2,28,0,0,0,8,3,0,5,0,0,0,0,0,0,0,38,5,28,5
128,1404,Lee,2010,6062,Granny Rose Animal Shelter,Dixon,61021,Animal Shelter,0,0,0,0,0,0,75,73,0,0,0,0,66,78,2,1,0,0,0,0,0,0,0,141,151,2,1,1418,Lee,2013,Granny Rose Animal Shelter,Dixon,61021,Animal Shelter,0,0,0,0,0,18,93,95,0,0,16,34,46,53,1,4,22,0,0,0,0,0,0,139,148,1,4
129,1407,Lee,2010,2410,Lee County Animal Control,Dixon,61021,Animal Control,0,0,0,0,0,0,252,121,96,34,0,0,5,0,4,1,0,0,0,0,0,0,0,257,121,100,35,1413,Lee,2013,Lee County Animal Control,Dixon,61021,Animal Control,0,0,0,0,0,0,106,52,51,3,0,0,15,15,0,0,0,0,0,0,0,0,0,121,67,51,3
130,1410,Lee,2010,5490,Sauk Valley Humane Soc Inc,Mendota,61342,Animal Shelter,2,0,3,1,0,0,8,2,6,0,0,0,11,3,1,5,0,0,0,0,0,0,0,19,5,7,5,1419,Lee,2013,"Sauk Valley Humane Society, Inc.",Mendota,61342,Animal Shelter,2,0,3,0,0,0,10,2,3,0,5,0,15,5,7,8,50,0,0,0,0,0,0,25,7,10,8
131,1421,Livingston,2010,10364,Guardian Angel Basset Rescue Inc.,Dwight,60420,Animal Shelter,0,0,0,0,0,0,220,200,5,5,0,0,0,0,0,0,0,0,0,0,0,0,0,220,200,5,5,1438,Livingston,2013,"Guardian Angel Basset Rescue, Inc.",Dwight,60420,Animal Shelter,145,0,0,0,0,6,150,145,0,5,6,0,0,0,0,0,0,0,0,0,0,0,0,150,145,0,5
132,1424,Livingston,2010,13734,Livco Animal Control Inc.,Fairbury,61739,Animal Control,0,0,0,0,0,0,189,99,73,17,0,0,27,0,16,11,0,0,12,12,0,0,0,228,111,89,28,1431,Livingston,2013,Livco Animal Control Inc.,Fairbury,61739,Animal Control,0,0,0,0,0,0,0,0,0,0,0,0,0,0,0,0,0,0,0,0,0,0,0,0,0,0,0
133,1427,Livingston,2010,9427,Livingston County Humane Society,Pontiac,61764,Animal Shelter,0,0,0,0,0,0,201,142,0,14,0,0,187,102,0,9,0,0,0,0,0,0,0,388,244,0,23,1439,Livingston,2013,Livingston County Humane Society,Pontiac,61764,Animal Shelter,0,0,0,0,0,26,84,104,0,2,10,58,79,82,0,1,56,0,0,0,0,0,0,163,186,0,3
134,1441,Logan,2010,12805,Humane Society of Logan County,Lincoln,62656,Animal Shelter,0,0,0,0,0,0,19,19,0,0,0,0,15,13,0,0,0,0,0,0,0,0,0,34,32,0,0,1447,Logan,2013,Humane Society of Logan County,Lincoln,62656,0,0,0,0,0,0,16,54,56,0,1,13,21,86,70,4,8,25,0,0,0,0,0,0,140,126,4,9
135,1449,Macon,2010,10185,Homeward Bound Pet Shelter Inc.,Decatur,62526,Animal Shelter,0,0,0,0,0,0,366,337,3,2,0,0,94,69,0,1,0,0,0,0,0,0,0,460,406,3,3,1480,Macon,2013,Homeward Bound Pet Shelter,Decatur,62526,Animal Shelter,0,0,0,0,0,26,276,264,4,1,33,22,86,67,0,0,41,0,2,2,0,0,0,364,333,4,1
136,1452,Macon,2010,6479,Humane Society of Decator/Macon Co,Decatur,62526,Animal Shelter,0,0,0,0,0,0,72,52,3,1,16,0,104,49,0,2,51,0,0,0,0,0,0,176,101,3,3,1482,Macon,2013,Humane Society of Decatur/Macon Co,Decatur,62526,Animal Shelter,0,0,0,0,0,9,76,80,2,2,1,33,62,58,0,1,36,0,0,0,0,0,0,138,138,2,3
137,1455,Macon,2010,13788,Illinois English Bulldog Rescue,Decatur,62526,Animal Shelter,0,0,0,0,0,0,90,80,0,2,0,0,0,0,0,0,0,0,0,0,0,0,0,90,80,0,2,1483,Macon,2013,Illinois English Bulldog Rescue,Decatur,62526,Animal Shelter,0,0,0,0,0,40,42,57,0,2,23,0,0,0,0,0,0,0,0,0,0,0,0,42,57,0,2
138,1461,Macon,2010,4811,Macon County Animal Control & Care Ctr,Decatur,62526,Animal Control,0,0,0,0,0,0,1396,332,324,723,0,0,1640,233,26,1195,0,0,384,5,1,368,0,3420,570,351,2286,1472,Macon,2013,Macon County Animal Control & Care Ctr,Decatur,62526,Animal Control,0,0,0,0,0,101,1280,497,315,454,94,130,1294,536,19,671,88,0,172,6,2,102,0,2746,1039,336,1227
139,1464,Macon,2010,12676,Pet Tracks,Decatur,62526,Animal Shelter,0,0,4,0,0,0,0,0,0,0,0,0,6,4,0,1,0,0,0,0,0,0,0,6,4,0,1,1484,Macon,2013,Pet Tracks,Decatur,62526,Animal Shelter,0,0,2,0,0,0,0,0,0,0,0,48,3,2,0,1,48,0,0,0,0,0,0,3,2,0,1
140,1467,Macon,2010,7909,Prairieland Animal Welfare,Decator ,62521,Animal Shelter,0,0,0,0,0,0,0,0,0,0,0,0,6,6,0,0,0,0,0,0,0,0,0,6,6,0,0,1485,Macon,2013,Prairieland Animal Welfare,Decatur,62521,Animal Shelter,0,0,0,0,0,0,0,0,0,0,0,0,8,4,0,0,4,0,0,0,0,0,0,8,4,0,0
141,1487,Macoupin,2010,13833,Feathered Nest,Brighton,62012,Animal Shelter,0,0,0,0,28,0,0,0,0,0,0,0,0,0,0,0,0,0,40,0,0,0,0,40,0,0,0,1503,Macoupin,2013,Feathered Nest,Brighton,62012,Animal Shelter,0,0,0,0,46,0,0,0,0,0,0,0,0,0,0,0,0,10,46,46,0,1,10,46,46,0,1
142,1490,Macoupin,2010,6098,Macoupin County Adopt-A-Pet,Benld,62009,Animal Shelter,0,0,0,0,0,0,327,358,7,1,0,0,195,189,0,0,0,0,0,0,0,0,0,522,547,7,1,1504,Macoupin,2013,Macoupin County Adopt-A-Pet,Benld,62009-1448,Animal Shelter,0,0,0,0,0,63,376,351,6,0,82,44,211,209,1,0,45,0,0,0,0,0,0,587,560,7,0
143,1493,Macoupin,2010,4869,Macoupin County Animal Control,Carlinville,62626,Animal Control,0,0,0,0,0,0,782,239,287,256,0,0,462,132,110,220,0,0,15,15,0,0,0,1259,386,397,476,1498,Macoupin,2013,Macoupin County Animal Control,Carlinville,62626,Animal Control,0,0,0,0,0,28,734,496,197,22,47,28,425,272,83,3,80,0,5,2,3,0,0,1164,770,283,25
144,1507,Madison,2010,5747,Alton Animal Control Center,Alton,62002,Animal Control,0,0,0,0,0,0,401,45,78,278,0,0,389,14,3,372,0,0,242,4,0,238,0,1032,63,81,888,1506,Madison,2013,Alton Animal Control Center,Alton,62002,Animal Control,0,0,0,0,0,0,270,68,41,161,0,0,361,6,1,354,0,0,269,0,0,269,0,900,74,42,784
145,1507,Madison,2010,5747,Alton Animal Control Center,Alton,62002,Animal Control,0,0,0,0,0,0,401,45,78,278,0,0,389,14,3,372,0,0,242,4,0,238,0,1032,63,81,888,1550,Madison,2013,Alton Animal Control Center,Alton,62002,Animal Control,0,0,0,0,0,0,270,68,41,161,0,0,361,6,1,354,0,0,269,0,0,269,0,900,74,42,784
146,1512,Madison,2010,3846,APA (ASSN For the Protection  of Animals),Granite City,62040,Animal Shelter,0,0,0,0,0,0,80,131,27,3,0,0,21,30,5,2,0,0,0,0,0,0,0,101,161,32,5,1572,Madison,2013,APA (Assn. for the Protection of Animals),Granite City,62040,Animal Shelter,0,0,0,0,0,32,39,53,23,4,37,57,23,46,4,6,32,0,0,0,0,0,0,62,99,27,10
147,1515,Madison,2010,13934,Come Bye Border Collie Rescue,Highland  ,62249,Animal Shelter,0,0,0,0,0,0,22,19,0,3,0,0,0,0,0,0,0,0,0,0,0,0,0,22,19,0,3,1573,Madison,2013,Come Bye Border Collie Rescue,Highland,62249,Animal Shelter,0,0,0,0,0,10,51,45,0,1,13,0,0,0,0,0,0,0,0,0,0,0,0,51,45,0,1
148,1518,Madison,2010,13730,Dachshund Rescue of St. Louis,Highland,62249,Animal Shelter,0,0,0,0,0,0,35,35,0,1,0,0,0,0,0,0,0,0,0,0,0,0,0,35,35,0,1,1574,Madison,2013,Dachshund Rescue of St. Louis,Highland,62249,Animal Shelter,0,0,0,0,0,170,170,160,0,2,8,0,0,0,0,0,0,0,0,0,0,0,0,170,160,0,2
149,1521,Madison,2010,8699,East Alton Animal Control,East Alton,62024,Animal Control,0,0,0,0,0,0,70,0,40,30,0,0,134,0,14,120,0,0,0,0,0,0,1,204,0,54,150,1551,Madison,2013,East Alton Animal Control,East Alton,62024,Animal Control,0,0,0,0,0,0,41,0,20,20,0,0,68,0,2,66,0,0,0,0,0,0,0,109,0,22,86
150,1527,Madison,2010,1909,Granite City Humane Shelter,Granite City,62040,Animal Control,0,0,0,0,0,0,623,20,150,458,0,0,559,5,10,544,0,0,0,0,0,0,0,1182,25,160,1002,1580,Madison,2013,Granite City Humane Shelter,Granite City,62040,Animal Control Facility,0,0,0,0,0,0,408,34,136,2,0,0,555,17,13,6,0,0,0,0,0,0,0,963,51,149,8
151,1530,Madison,2010,6418,Highland Animal Shelter,Highland,62249,Animal Shelter,0,0,0,0,0,0,170,65,66,0,0,0,246,207,7,0,0,0,0,0,0,0,0,416,272,73,0,1581,Madison,2013,Highland Animal Shelter,Highland,62249,Animal Shelter,0,0,0,0,0,18,84,78,1,0,23,70,211,177,1,0,103,0,0,0,0,0,0,295,255,2,0
152,1534,Madison,2010,299,Madison County Rabies Control,Edwardsville,62025,Animal Control,0,0,0,0,0,0,1698,352,332,971,0,0,2432,243,36,2122,0,0,0,0,0,0,0,4130,595,368,3093,1552,Madison,2013,Madison County Rabies Control,Edwardsville,62025,Animal Control,0,0,0,0,0,3,1251,368,281,561,14,2,2053,360,36,1622,4,0,0,0,0,0,0,3304,728,317,2183
153,1537,Madison,2010,6613,Metro East Humane Society,Edwardsville,62025,Animal Shelter,0,0,0,0,0,0,602,516,0,63,0,0,487,368,0,86,0,0,0,0,0,0,0,1089,884,0,149,1576,Madison,2013,Metro East Humane Society,Edwardsville,62025,Animal Shelter,285,133,162,146,0,6,423,418,0,0,11,14,301,308,0,0,21,0,0,0,0,0,0,724,726,0,0
154,1543,Madison,2010,10989,Partners For Pets Humane Society,St. Jacob,62281,Animal Shelter,0,0,0,0,0,0,736,661,0,10,0,0,316,441,0,10,0,0,0,0,0,0,0,1052,1102,0,20,1577,Madison,2013,Partners for Pets Humane Society,St. Jacobs,62281,Animal Shelter,0,0,0,0,0,70,725,718,2,9,66,75,456,448,0,2,81,0,0,0,0,0,0,1181,1166,2,11
155,1548,Madison,2010,3923,Warren Billhartz Animal Shelter,Collinsville,62234,0,0,0,0,0,0,0,304,19,122,59,0,0,365,9,16,161,0,0,146,0,3,42,0,815,28,141,262,1553,Madison,2013,Warren Billhartz Animal Shelter,Collinsville,62234,Animal Control,0,0,0,0,0,9,285,47,149,22,4,10,276,63,7,40,19,0,128,0,0,40,0,689,110,156,102
156,1585,Marion,2010,310,City of Centralia,Centralia,62801,0,0,0,0,0,0,0,766,24,168,163,0,0,228,7,9,32,0,0,0,0,0,0,0,994,31,177,195,1587,Marion,2013,City of Centralia,Centralia,62801,0,0,0,0,0,0,0,658,19,94,71,0,0,345,7,6,0,0,0,0,0,0,0,0,1003,26,100,71
157,1592,Marshall,2010,10171,"Animal Recycling Kennel H.S., LTD",Lacon,61540,Animal Shelter,140,71,14,49,2,0,215,211,4,11,0,0,63,63,0,24,0,0,2,2,0,0,0,280,276,4,35,1600,Marshall,2013,"Animal Recycling Kennel H.S., LTD",Lacon,61540,Animal Shelter,0,0,0,0,0,50,120,108,2,4,55,82,118,90,0,10,78,0,0,0,0,0,0,238,198,2,14
158,1596,Marshall,2010,2440,Marshall County Dog Pound,Lacon,61540,Animal Control,0,0,0,0,0,0,240,30,190,20,0,0,0,0,0,0,0,0,0,0,0,0,0,240,30,190,20,1597,Marshall,2013,Marshall County Dog Pound,Lacon,61540,Animal Control,0,0,0,0,0,0,80,15,55,10,0,0,0,0,0,0,0,0,0,0,0,0,0,80,15,55,10
159,1602,Mason,2010,5760,City of Havana,Havana,62644,Animal Control,0,0,0,0,0,0,53,2,28,23,0,0,81,0,60,21,0,0,0,0,0,0,0,134,2,88,44,1611,Mason,2013,City of Havana,Havana,62644,Animal Control,0,0,0,0,0,0,10,0,28,0,38,0,56,0,6,0,62,0,1,0,0,0,0,67,0,34,0
160,1605,Mason,2010,11651,Pets Without Parents,Easton,62633,Animal Shelter,0,0,0,0,0,0,189,89,37,43,0,0,179,53,8,95,0,0,0,0,0,0,0,368,142,45,138,1617,Mason,2013,Pets Without Parents,Easton,62633,0,0,0,0,0,0,7,147,92,40,9,6,8,185,109,13,56,7,0,1,1,0,0,0,333,202,53,65
161,1608,Mason,2010,5567,Village of Manito,Manito,61546,Animal Control,0,0,0,0,0,0,25,20,5,0,0,0,0,0,0,0,0,0,0,0,0,0,0,25,20,5,0,1610,Mason,2013,Village of Manito,Manito,61546,Animal Control,0,0,0,0,0,0,0,0,0,0,0,0,0,0,0,0,0,0,0,0,0,0,0,0,0,0,0
162,1618,Massac,2010,320,City of Metropolis,Metropolis,62960,Animal Control,0,0,0,0,0,0,270,190,40,40,0,0,0,0,0,0,0,0,0,0,0,0,0,270,190,40,40,1628,Massac,2013,Metropolis Animal Control,Metropolis,62960,Animal Control,0,0,0,0,0,5,243,155,70,9,5,0,0,0,0,0,0,0,0,0,0,0,0,243,155,70,9
163,1625,Massac,2010,10102,Village of Joppa,Joppa,62953,Animal Control,0,0,0,0,0,0,7,0,7,0,0,0,0,0,0,0,0,0,0,0,0,0,0,7,0,7,0,1627,Massac,2013,Village of Joppa,Joppa,62953,Animal Control,0,0,0,0,0,0,10,0,8,2,0,0,0,0,0,0,0,0,0,0,0,0,0,10,0,8,2
164,1636,McDonough,2010,266,McDonough County Animal Shelter,Macomb,61455, Animal Control,0,0,0,0,0,0,557,242,100,46,0,0,517,174,6,216,0,0,0,0,0,0,0,1074,416,106,262,1638,McDonough,2013,McDonough County Animal Shelter,Macomb,61455, Animal Control,0,0,0,0,0,20,592,200,139,20,209,28,746,153,8,137,64,384,0,0,0,0,0,1338,353,147,157
165,1773,Monroe,2010,11527,Humane Society of Monroe County,Red Bud,62278,Animal Shelter,0,0,0,0,0,0,223,186,0,3,0,0,146,112,0,2,0,0,2,2,0,0,0,371,300,0,5,1781,Monroe,2013,Humane Society of Monroe County,Red Bud,62278,0,0,0,0,0,0,38,187,180,4,16,44,90,182,149,2,15,45,0,0,0,0,0,0,369,329,6,31
166,1776,Monroe,2010,6034,Monroe County Animal Pound,Waterloo,62298,Animal Control,0,0,0,0,0,0,196,99,65,32,0,0,220,40,9,171,0,0,6,6,0,0,0,422,145,74,203,1778,Monroe,2013,Monroe County Animal Pound,Waterloo,62298,Animal Control,0,0,0,0,0,115,115,66,36,13,0,134,134,47,13,74,0,0,0,0,0,0,0,249,113,49,87
167,1782,Montgomery,2010,13249,Montgomery Co Animal Control and Shelter,Hillsboro,62049,Animal Control,0,0,0,0,0,0,481,346,121,14,0,0,138,113,1,24,0,0,0,0,0,0,0,619,459,122,38,1790,Montgomery,2013,Montgomery Co Animal Control and Shelter,Hillsboro,62049,Animal Control,0,0,0,0,0,12,324,195,116,6,19,9,187,149,2,25,20,0,0,0,0,0,0,511,344,118,31
168,1787,Montgomery,2010,14054,Paws Care Inc.,Taylor Springs,62017,Animal Shelter,0,0,0,0,0,0,3,0,0,0,0,0,0,0,0,0,0,0,0,0,0,0,0,3,0,0,0,1793,Montgomery,2013,"Paws Care, Inc.",Hillsboro,62049,Animal Shelter,0,0,0,0,0,5,58,53,0,1,9,4,21,24,0,0,1,0,0,0,0,0,0,79,77,0,1
169,1796,Morgan,2010,325,Morgan County Animal Control,Jacksonville,62650,Animal Control,0,0,0,0,0,0,534,112,0,31,0,0,427,28,0,64,0,0,0,0,0,0,0,961,140,0,95,1799,Morgan,2013,Morgan County Animal Control,Jacksonville,62650,Animal Control,0,0,0,0,0,0,519,114,0,15,0,0,631,58,0,29,0,0,267,0,0,267,0,1417,172,0,311
170,1804,Moultrie,2010,8900,Moultrie County Animal Control,Sullivan,61951,Animal Control,0,0,0,0,0,0,125,44,38,43,0,0,43,5,0,38,0,0,0,0,0,0,0,168,49,38,81,1809,Moultrie,2013,Moultrie County Animal Control,Sullivan,61951,Animal Control,0,0,0,0,0,4,114,49,42,25,2,0,34,22,0,9,3,0,0,0,0,0,0,148,71,42,34
171,1807,Moultrie,2010,8566,Village of Arthur,Arthur,61911,Animal Control,0,0,0,0,0,0,7,0,7,0,0,0,0,0,0,0,0,0,0,0,0,0,0,7,0,7,0,1810,Moultrie,2013,Village of Arthur,Arthur,61911,Animal Control,0,0,0,0,0,0,3,0,3,0,0,0,0,0,0,0,0,0,0,0,0,0,0,3,0,3,0
172,1822,Peoria,2010,13702,Paws Giving Independence NFP,Peoria,61614,Animal Shelter,0,0,0,0,0,0,6,2,0,0,0,0,0,0,0,0,0,0,0,0,0,0,0,6,2,0,0,1841,Peoria,2013,"Paws Giving Independence, NFP",Peoria,61612,Animal Shelter,0,0,0,0,0,11,10,8,1,0,14,0,0,0,0,0,0,0,0,0,0,0,0,10,8,1,0
173,1825,Peoria,2010,13920,Peoria County Animal Welfare Shelter,Peoria,61603,Animal Control,0,0,0,0,0,0,2564,632,566,1161,0,0,2837,476,36,2269,0,0,156,57,3,70,0,5557,1165,605,3500,1832,Peoria,2013,Peoria County Animal Welfare Shelter,Peoria,61603,Animal Control,0,0,0,0,0,0,2145,702,571,845,0,0,2384,393,36,1938,0,0,185,108,10,47,0,4714,1203,617,2830
174,1828,Peoria,2010,11004,Pets For Seniors,Brimfield,61517,Animal Shelter,0,0,0,0,0,0,56,55,0,1,0,0,53,49,0,1,0,0,0,0,0,0,0,109,104,0,2,1842,Peoria,2013,Pets for Seniors,Brimfield,61517,0,0,0,0,0,0,0,37,37,0,0,0,11,159,161,1,1,15,0,0,0,0,0,0,196,198,1,1
175,1846,Perry,2010,4839,Perry County Animal Control,Pinckneyville,62274,Animal Control,0,0,0,0,0,0,326,217,80,27,0,0,227,108,0,112,0,0,1,1,0,0,0,554,326,80,139,1851,Perry,2013,Perry County Animal Control,Pinckneyville,62274,Animal Control,0,0,0,0,0,4,244,161,62,21,3,0,140,94,0,46,0,0,0,0,0,0,0,384,255,62,67
176,1849,Perry,2010,10838,Perry County Humane Society,Duquoin,62832,Animal Shelter,0,0,0,0,0,0,137,55,2,1,0,0,55,12,0,0,0,0,0,0,0,0,0,192,67,2,1,1854,Perry,2013,Perry County Humane Society,Duquoin,62832,Animal Shelter,0,0,0,0,0,24,154,104,3,1,26,12,76,31,1,1,11,0,1,0,0,0,0,231,135,4,2
177,1858,Piatt,2010,13808,Village of Mansfield ,Mansfield ,61854,Animal Shelter,0,0,0,0,0,0,14,0,14,0,0,0,1,0,1,0,0,0,0,0,0,0,0,15,0,15,0,1860,Piatt,2013,Village of Mansfield ,Mansfield ,61854,Animal Control,0,0,0,0,0,0,18,0,18,0,0,0,0,0,0,0,0,0,0,0,0,0,0,18,0,18,0
178,1864,Pike,2010,8996,Pike County Animal Control,Pittsfield,62363,Animal Control,0,0,0,0,0,0,487,237,141,102,0,0,122,70,20,25,0,0,0,0,0,3,0,609,307,161,130,1866,Pike,2013,Pike County Animal Control,Pittsfield,62363,Animal Control,0,0,0,0,0,27,89,45,17,11,43,11,9,6,0,5,9,0,0,0,0,0,0,98,51,17,16
179,1869,Pope,2010,6793,Pope County Animal Pound,Golconda,62938,Animal Control,0,0,0,0,0,13,0,0,0,0,0,0,0,0,0,0,0,0,0,0,0,0,0,0,0,0,0,1871,Pope,2013,Pope County Animal Pound,Golconda,62938,Animal Control,0,0,0,0,0,0,11,0,0,0,0,0,0,0,0,0,0,0,0,0,0,0,0,11,0,0,0
180,1875,Pulaski,2010,7146,City of Mounds,Mounds,62964,Animal Control,0,0,0,0,0,0,0,0,0,0,0,0,0,0,0,0,0,0,0,0,0,0,0,0,0,0,0,1882,Pulaski,2013,City of Mounds,Mounds,62964,Animal Control,0,0,0,0,0,0,10,0,0,10,0,0,0,0,0,0,0,0,0,0,0,0,0,10,0,0,10
181,1878,Pulaski,2010,6935,Mound City Animal Pound,Mound City,62963,Animal Control,0,0,0,0,0,0,1,0,1,0,0,0,0,0,0,0,0,0,0,0,0,0,0,1,0,1,0,1881,Pulaski,2013,Mound City Animal Pound,Mound City,62963,Animal Control,0,0,0,0,0,0,0,0,0,0,0,0,0,0,0,0,0,0,0,0,0,0,0,0,0,0,0
182,1886,Putnam,2010,5252,Putnam County Animal Control,McNabb,61335,Animal Control,0,0,0,0,0,0,29,11,13,5,0,0,28,5,0,23,0,0,0,0,0,0,0,57,16,13,28,1891,Putnam,2013,Putnam County Animal Control,McNabb,61335,Animal Control,0,0,0,0,0,0,28,9,13,6,0,1,1,1,0,0,1,0,0,0,0,0,0,29,10,13,6
183,1890,Putnam,2010,8979,Village of Granville,Granville,61326,Animal Control,0,0,0,0,0,0,12,0,12,0,0,0,0,0,0,0,0,0,0,0,0,0,0,12,0,12,0,1892,Putnam,2013,Village of Granville,Granville,61326,Animal Control,0,0,0,0,0,0,8,0,8,0,0,0,0,0,0,0,0,0,0,0,0,0,0,8,0,8,0
184,1896,Randolph,2010,6713,Chester City Pound,Chester,62233,Animal Control,0,0,0,0,0,0,0,0,0,0,0,0,0,0,0,0,0,0,0,0,0,0,0,0,0,0,0,1927,Randolph,2013,Chester City Pound,Chester,62233,Animal Control,0,0,0,0,0,4,171,97,72,0,3,0,0,0,0,0,0,0,0,0,0,0,0,171,97,72,0
185,1899,Randolph,2010,7376,Evansville Dog Pound,Evansville,62242,Animal Control,0,0,0,0,0,0,7,0,2,1,0,0,0,0,0,0,0,0,0,0,0,0,0,7,0,2,1,1921,Randolph,2013,Evansville Dog Pound,Evansville,62242,Animal Control,0,0,0,0,0,0,0,0,0,0,0,0,0,0,0,0,0,0,0,0,0,0,0,0,0,0,0
186,1902,Randolph,2010,12697,Gunner's Run Rescue,Ruma,62278,Animal Shelter,0,0,0,0,0,0,43,43,0,0,0,0,0,0,0,0,0,0,0,0,0,0,0,43,43,0,0,1938,Randolph,2013,Gunner's Run Rescue,Ruma,62278,Animal Shelter,0,0,0,0,0,2,22,17,0,0,5,0,0,0,0,0,0,0,0,0,0,0,0,22,17,0,0
187,1906,Randolph,2010,6969,Randolph County Animal Control,Sparta,62286,Animal Control,0,0,0,0,0,0,145,71,26,48,0,0,36,12,2,22,0,0,0,0,0,0,0,181,83,28,70,1924,Randolph,2013,Randolph County Animal Control,Sparta,62286,Animal Control,0,0,0,0,0,0,137,74,47,16,0,0,42,15,5,22,0,0,0,0,0,0,0,179,89,52,38
188,1909,Randolph,2010,10487,Randolph County Humane Society,Sparta,62286,Animal Shelter,0,0,0,0,0,0,190,49,4,10,0,0,51,18,14,4,0,0,0,0,0,0,0,241,67,18,14,1939,Randolph,2013,Randolph County Humane Society,Sparta,62286,Animal Shelter,0,0,0,0,0,14,90,69,6,8,21,4,26,18,0,2,10,0,0,0,0,0,0,116,87,6,10
189,1913,Randolph,2010,352,Sparta Animal Control,Sparta,62286,Animal Control,0,0,0,0,0,0,256,106,100,50,0,0,125,0,0,125,0,0,56,0,0,56,0,437,106,100,231,1922,Randolph,2013,Sparta Animal Control,Sparta,62286,Animal Control,0,0,0,0,0,0,42,0,35,7,0,0,27,0,0,27,0,0,0,0,0,0,0,69,0,35,34
190,1916,Randolph,2010,7682,Steelville Animal Control,Steeleville,62288,Animal Control,0,0,0,0,0,0,6,0,6,0,0,0,9,0,0,9,0,0,30,0,0,30,0,45,0,6,39,1923,Randolph,2013,Steelville Animal Control,Steeleville,62288,Animal Control,0,0,0,0,0,0,6,0,6,0,0,0,4,0,0,4,0,0,0,0,0,0,0,10,0,6,4
191,1919,Randolph,2010,7619,Tilden Animal Control,Tilden,62292,Animal Control,0,0,0,0,0,0,6,0,6,0,0,0,0,0,0,0,0,0,0,0,0,0,0,6,0,6,0,1926,Randolph,2013,Tilden Animal Control,Tilden,62292,0,0,0,0,0,0,0,7,1,5,1,0,0,0,0,0,0,0,0,0,0,0,0,0,7,1,5,1
192,1941,Richland,2010,8645,Humane Society of Olney Area,Olney,62450,Animal Shelter,0,0,0,0,0,0,58,39,18,1,0,0,44,29,11,4,0,0,3,3,0,0,0,105,71,29,5,1948,Richland,2013,Humane Society of Olney Area,Olney,62450,0,0,0,0,0,0,0,89,51,36,2,0,0,101,56,42,3,0,0,0,0,2,0,0,190,107,80,5
193,1944,Richland,2010,356,Richland County Animal Control Center,Olney,62450,Animal Control,0,0,0,0,0,0,418,10,49,94,0,0,259,1,1,46,0,0,0,0,0,0,0,677,11,50,140,1949,Richland,2013,Richland County Animal Control Center,Olney,62450,Animal Control Facility,0,0,0,0,0,8,331,15,51,22,8,8,262,6,1,58,17,0,0,0,0,0,0,593,21,52,80
194,1952,Rock Island,2010,6357,Animal Aid Humane Society Inc.,Moline,61265,Animal Shelter,0,0,0,0,0,0,33,40,1,0,0,0,307,314,1,0,0,0,0,0,0,0,0,340,354,2,0,1973,Rock Island,2013,"Animal Aid Humane Society, Inc.",Moline,61265,Animal Shelter,0,0,0,0,0,5,11,5,0,0,4,90,104,75,0,0,88,0,0,0,0,0,0,115,80,0,0
195,1955,Rock Island,2010,4875,City of Silvis,Silvis,61282,Animal Control,0,0,0,0,0,0,63,0,41,0,0,0,20,1,2,0,0,0,1,0,0,0,0,84,1,43,0,1967,Rock Island,2013,City of Silvis,Silvis,61282,Animal Control,0,0,0,0,0,0,46,0,0,0,0,0,13,0,0,0,0,0,0,0,0,0,0,59,0,0,0
196,1961,Rock Island,2010,5297,Quad City Animal Welfare Center,Milan,61264,Animal Shelter,390,41,159,109,5,0,434,431,2,2,0,0,290,268,0,8,0,0,5,5,0,0,0,729,704,2,10,1974,Rock Island,2013,Quad City Animal Welfare Center,Milan,61264,Animal Shelter,326,73,103,117,0,41,409,399,6,4,41,96,251,220,15,16,96,0,2,2,0,0,0,662,621,21,20
197,1964,Rock Island,2010,12028,Rock Island County Animal Care & Control,Moline,61265,Animal Control,0,0,0,0,0,0,2307,1782,876,528,0,0,1894,902,39,868,0,0,74,25,4,39,0,4275,2709,919,1435,1966,Rock Island,2013,Rock Island County Animal Care & Control,Moline,61265,Animal Control,613,104,532,448,0,0,1871,717,720,426,0,0,1600,980,34,1008,0,0,41,18,0,21,0,3512,1715,754,1455
198,1976,Saline,2010,4465,Saline County Animal Control,Harrisburg,62946,Animal Control,0,0,0,0,0,0,642,5,61,319,0,0,371,0,0,344,0,0,0,0,0,0,0,1013,5,61,663,1978,Saline,2013,Saline County Animal Control,Harrisburg,62946,Animal Control,0,0,0,0,0,7,459,28,63,79,8,0,347,5,5,234,3,0,0,0,0,0,0,806,33,68,313
199,1983,Sangamon,2010,7071,Animal Protective League,Springfield,62702,Animal Shelter,0,0,0,0,0,0,558,565,16,7,0,0,946,1031,4,31,0,0,0,0,0,0,0,1504,1596,20,38,2009,Sangamon,2013,Animal Protective League,Springfield,62072,Animal Shelter,0,0,0,0,0,6,543,526,5,7,62,279,4100,1189,3,53,339,0,0,0,0,0,0,4643,1715,8,60
200,1986,Sangamon,2010,13501,Canine Solutions Rescue,Rochester,62563,Animal Shelter,30,11,0,0,0,0,41,43,0,0,0,0,0,0,0,0,0,0,0,0,0,0,0,41,43,0,0,2010,Sangamon,2013,Canine Solutions Rescue,Rochester,62563,Kenner Operator & Animal Shelter,0,0,0,0,0,0,4,4,0,0,0,0,0,0,0,0,0,0,0,0,0,0,0,4,4,0,0
201,1994,Sangamon,2010,10913,Illinois Humane,Springfield,62704,Animal Shelter,0,0,0,0,0,0,11,12,0,0,0,0,3,3,0,1,0,0,0,0,0,0,0,14,15,0,1,2013,Sangamon,2013,Illinois Humane,Springfield,62705,Animal Shelter,0,0,0,0,0,15,14,17,0,1,11,16,27,21,0,1,21,0,0,0,0,0,0,41,38,0,2
202,1994,Sangamon,2010,10913,Illinois Humane,Springfield,62704,Animal Shelter,0,0,0,0,0,0,11,12,0,0,0,0,3,3,0,1,0,0,0,0,0,0,0,14,15,0,1,2014,Sangamon,2013,Illinois Humane,Springfield,62705,Animal Shelter,0,0,0,0,0,15,14,17,0,1,11,16,27,24,0,1,21,0,0,0,0,0,0,41,41,0,2
203,1998,Sangamon,2010,3257,Sangamon County Animal Countrol CTR.,Springfield,62703,Animal Control,0,0,0,0,0,0,2553,818,511,776,0,0,1977,595,31,1065,0,0,580,16,10,373,0,5110,1429,552,2214,2000,Sangamon,2013,Sangamon County Animal Countrol CTR.,Springfield,62703,Animal Control,569,68,294,150,5,43,1958,745,515,591,40,51,1878,903,30,747,57,0,597,10,1,252,0,4433,1658,546,1590
204,2016,Schuyler,2010,396,Schuyler County Dog Pound,Rushville,62681,Animal Control,0,0,0,0,0,0,198,174,13,11,0,0,4,0,2,2,0,0,42,0,30,12,0,244,174,45,25,2018,Schuyler,2013,Schuyler County Dog Pound,Rushville,62681,Animal Control,0,0,0,0,0,0,163,137,17,9,0,0,0,0,0,0,0,0,0,0,0,0,0,163,137,17,9
205,2016,Schuyler,2010,396,Schuyler County Dog Pound,Rushville,62681,Animal Control,0,0,0,0,0,0,198,174,13,11,0,0,4,0,2,2,0,0,42,0,30,12,0,244,174,45,25,2019,Schuyler,2013,Schuyler County Dog Pound,Rushville,62681,Animal Control,0,0,0,0,0,0,163,137,17,9,0,0,0,0,0,0,0,0,0,0,0,0,0,163,137,17,9
206,2024,Scott,2010,10871,Scott County Dog Rescue,Winchester,62694,Animal Shelter,0,0,0,0,0,0,183,173,0,0,0,0,20,18,0,0,0,0,0,0,0,0,0,203,191,0,0,2026,Scott,2013,Scott County Dog Rescue,Winchester,62694,Animal Shelter,0,0,0,0,0,15,143,168,0,0,10,0,0,0,0,0,0,0,0,0,0,0,0,143,168,0,0
207,2028,Shelby,2010,7889,City of Windsor,Windsor,61957,Animal Control,0,0,0,0,0,0,6,0,0,6,0,0,0,0,0,0,0,0,0,0,0,0,0,6,0,0,6,2044,Shelby,2013,City of Windsor,Windsor,61957,Animal Control,0,0,0,0,0,0,4,0,1,3,0,0,0,0,0,0,0,0,0,0,0,0,0,4,0,1,3
208,2031,Shelby,2010,4991,Shelby County Animal Control,Shelbyville,62565,Animal Control,0,0,0,0,0,0,563,180,21,251,0,0,14,6,1,7,0,0,0,0,0,0,0,577,186,22,258,2045,Shelby,2013,Shelby County Animal Control,Shelbyville,62565,Animal Control,0,0,0,0,0,2,163,96,35,32,6,0,45,33,6,6,2,0,2,2,0,0,0,210,131,41,38
209,2039,Shelby,2010,13942,Village of Herrick,Herrick,62431,Animal Control,0,0,0,0,0,0,17,0,2,0,0,0,0,0,0,0,0,0,0,0,0,0,0,17,0,2,0,2046,Shelby,2013,Village of Herrick,Herrick,62431,Animal Control,0,0,0,0,0,0,3,0,3,0,0,0,0,0,0,0,0,0,0,0,0,0,0,3,0,3,0
210,2042,Shelby,2010,7147,Village of Tower Hill,Tower Hill,62571,Animal Control,0,0,0,0,0,0,3,0,3,0,0,0,1,0,1,0,0,0,0,0,0,0,0,4,0,4,0,2047,Shelby,2013,Village of Tower Hill,Tower Hill,62571,Animal Control,0,0,0,0,0,0,3,0,3,0,0,0,0,0,0,0,0,0,0,0,0,0,0,3,0,3,0
211,2057,St. Clair,2010,371,Belleville Area Humane Society,Belleville,62223,Animal Shelter,0,0,0,0,0,0,802,463,26,220,0,0,556,299,3,150,0,0,49,0,0,47,0,1407,762,29,417,2091,St. Clair,2013,Belleville Area Humane Society,Belleville,62223,Animal Shelter,0,0,0,0,0,94,746,465,98,206,71,171,582,421,130,105,97,1,35,0,3,33,0,1363,886,231,344
212,2061,St. Clair,2010,14083,Gateway Pet Guardians,Swansea,62226,Animal Shelter,0,0,0,0,0,0,39,37,0,1,0,0,8,1,0,0,0,0,0,0,0,0,0,47,38,0,1,2094,St. Clair,2013,Gateway Pet Guardians,St. Louis,63110,Animal Shelter,0,0,0,0,0,68,298,328,3,1,37,0,0,0,0,0,0,0,0,0,0,0,0,298,328,3,1
213,2067,St. Clair,2010,6311,Marissa Animal Control,Marissa,62257,Animal Control,0,0,0,0,0,0,112,0,33,0,0,0,128,0,11,0,0,0,0,0,0,0,0,240,0,44,0,2082,St. Clair,2013,Marissa Animal Control,Marissa,62257,Animal Control,0,0,0,0,0,0,39,0,15,0,0,0,53,0,2,0,0,0,0,0,0,0,0,92,0,17,0
214,2070,St. Clair,2010,12774,Midwest Schipperke Rescue Inc.,O'Fallon,62269,Animal Shelter,0,0,0,0,0,0,12,11,0,1,0,0,0,0,0,0,0,0,0,0,0,0,0,12,11,0,1,2095,St. Clair,2013,"Midwest Schipperke Rescue, Inc.",O'Fallon,62269,Animal Shelter,0,0,0,0,0,5,8,5,2,2,0,0,0,0,0,0,0,0,0,0,0,0,0,8,5,2,2
215,2074,St. Clair,2010,13700,Rico's Rescue,Belleville,62223,Animal Shelter,21,150,2,24,0,0,195,171,4,6,0,0,3,2,0,0,0,0,0,0,0,0,0,198,173,4,6,2093,St. Clair,2013,Rico's Rescue,Belleville,62223,Animal Shelter,37,89,2,7,0,130,130,126,2,2,14,12,9,9,0,0,3,0,0,0,0,0,0,139,135,2,2
216,2098,Stark,2010,6212,Stark County Animal Control,Toulon,61483,Animal Control,0,0,0,0,0,0,25,0,20,5,0,0,0,0,0,0,0,0,0,0,0,0,0,25,0,20,5,2099,Stark,2013,Stark County Animal Control,Toulon,61483,Animal Control,0,0,0,0,0,0,15,0,11,4,0,0,0,0,0,0,0,0,0,0,0,0,0,15,0,11,4
217,2101,Stephenson,2010,12772,Critter Camp,German Valley,61039,Animal Shelter,0,0,0,0,0,0,0,0,0,0,0,0,0,0,0,0,0,0,232,36,0,0,0,232,36,0,0,2119,Stephenson,2013,Critter Camp,German Valley,61039,0,0,0,0,0,0,0,0,0,0,0,0,0,0,0,0,0,0,325,150,27,0,0,330,150,27,0,0
218,2104,Stephenson,2010,399,Freeport Animal Hospital Inc.,Freeport,61032,Animal Control,18,21,22,41,0,0,108,50,46,12,0,0,45,0,0,45,0,0,0,0,0,0,0,153,50,46,57,2113,Stephenson,2013,Freeport Animal Hospital Inc.,Freeport,61032,Animal Control,18,8,51,58,0,1,87,28,34,22,4,8,128,45,21,0,15,0,0,0,0,0,0,215,73,55,22
219,2107,Stephenson,2010,400,Freeport City Pound,Freeport,61032,Animal Control,0,0,0,0,0,0,243,0,117,54,0,0,86,0,0,58,0,0,0,0,0,0,0,329,0,117,112,2112,Stephenson,2013,Freeport City Pound,Freeport,61032,Animal Control,0,0,0,0,0,0,170,0,101,0,0,0,0,0,0,0,0,0,225,0,0,225,0,395,0,101,225
220,2110,Stephenson,2010,6480,Friends Forever Humane Society,Freeport,61032,Animal Shelter,149,63,35,120,0,0,212,212,4,3,0,0,106,185,1,20,0,0,0,0,0,0,0,318,397,5,23,2120,Stephenson,2013,Friends Forever Humane Society,Freeport,61032,Animal Shelter,0,0,0,0,0,21,266,224,17,1,26,25,155,117,2,4,42,0,2,0,0,2,0,423,341,19,7
221,2123,Tazewell,2010,13939,New Spirit Laussie Rescue,Washington,61571,Animal Shelter,0,0,0,0,0,0,111,77,0,3,0,0,0,0,0,0,0,0,0,0,0,0,0,111,77,0,3,2134,Tazewell,2013,"Australian Shepherd Rescue Midwest, Inc.",Washington,61571,0,41,11,0,0,0,15,93,52,0,3,37,0,0,0,0,0,0,0,0,0,0,0,0,93,52,0,3
222,2125,Tazewell,2010,408,Tazewell Animal Protective Society,Pekin,61554,Animal Shelter,0,0,0,0,0,0,530,469,1,3,0,0,415,293,0,7,0,0,0,0,0,0,0,945,762,1,10,2135,Tazewell,2013,Tazewell Animal Protective Society,Pekin,61554,Animal Shelter,660,226,164,232,0,60,780,767,4,5,62,77,413,364,0,1,119,0,0,0,0,0,0,1193,1131,4,6
223,2128,Tazewell,2010,4246,Tazewell County Animal Control,Tremont,61568,Animal Control,57,23,53,20,0,0,934,80,344,318,0,0,1172,73,17,917,0,0,89,0,0,32,22,2195,153,361,1267,2130,Tazewell,2013,Tazewell County Animal Control,Tremont,61568,Animal Control,37,2,44,12,0,7,848,39,332,272,212,6,942,56,28,645,219,0,158,2,1,22,133,1948,97,361,939
224,2137,Union,2010,13872,Cache Creek Animal Rescue,Anna,62906,Animal Shelter,0,0,0,0,0,0,673,513,18,34,0,0,199,168,0,27,0,0,1,1,0,0,0,873,682,18,61,2149,Union,2013,Cache Creek Animal Rescue,Anna,62906,0,0,0,0,0,0,83,603,583,14,17,72,0,68,64,0,0,4,0,0,0,0,0,0,671,647,14,17
225,2143,Union,2010,7641,Union County Animal Control,Cobden,62920,Animal Control,0,0,0,0,0,0,302,40,62,79,0,0,104,1,3,62,0,0,7,70,7,0,0,413,111,72,141,2145,Union,2013,Union County Animal Control,Cobden,62920,Animal Control,0,0,0,0,0,18,320,42,27,15,20,42,108,20,3,5,58,0,4,0,4,0,0,432,62,34,20
226,2152,Vermilion,2010,13949,Citizens For Animal Rescue And Adoption,Tilton,61833,Animal Shelter,49,56,86,66,0,0,105,105,0,0,0,0,294,152,4,0,0,0,0,0,0,0,0,399,257,4,0,2165,Vermilion,2013,Citizens for Animal Rescue and Adoption,Tilton,61833,Animal Shelter,30,24,23,34,0,23,63,54,13,0,19,416,178,57,6,0,531,1,0,0,0,0,1,241,111,19,0
227,2156,Vermilion,2010,415,Humane Society Of Danville,Danville,61832,Animal Shelter,0,0,0,0,0,0,824,194,301,329,0,0,716,93,30,570,0,0,11,5,0,6,0,1551,292,331,905,2166,Vermilion,2013,Humane Society of Danville,Danville,61832,Animal Shelter,0,0,0,0,0,0,0,0,0,0,0,0,0,0,0,0,0,0,0,0,0,0,0,0,0,0,0
228,2158,Vermilion,2010,5202,Vermilion County Animal Shelter,Danville,61834,Animal Control,0,0,0,0,0,0,1198,629,203,294,0,0,1235,517,22,632,0,0,88,10,1,12,0,2521,1156,226,938,2160,Vermilion,2013,Vermilion County Animal Shelter,Danville,61834,Animal Control,194,235,40,68,0,93,958,429,187,136,182,102,918,108,16,477,326,0,30,0,0,0,0,1906,537,203,613
229,2171,Wabash,2010,418,Wabash County Animal Control,Mt. Carmel,62863,0,0,0,0,0,0,0,354,77,37,2,0,0,244,93,3,4,0,0,0,0,0,0,0,598,170,40,6,2172,Wabash,2013,Wabash County Animal Control,Mt. Carmel,62863,Animal Control,0,0,0,0,0,473,473,87,34,3,0,237,237,126,2,3,0,0,0,0,0,1,0,710,213,36,7
230,2175,Warren,2010,2945,Warren County Dog Pound,Monmouth,61462,Animal Control,0,0,0,0,0,0,241,83,127,11,0,0,225,180,2,41,0,0,0,0,0,0,0,466,263,129,52,2180,Warren,2013,Warren County Dog Pound,Monmouth,61462,Animal Control,0,0,0,0,0,2,126,45,70,8,3,5,148,140,2,5,6,0,1,0,1,0,0,275,185,73,13
231,2178,Warren,2010,10075,Western Illinois Animal Rescue Inc.,Monmouth,61462,Animal Shelter,0,0,0,0,0,0,60,40,0,5,0,0,75,30,0,15,0,0,0,0,0,0, ,135,70,0,20,2183,Warren,2013,"Western Illinois Animal Rescue, Inc.",Monmouth,61462,Animal Shelter,0,0,0,0,0,2,21,17,0,1,3,33,90,60,0,5,58,0,0,0,0,0,0,111,77,0,6
232,2184,Washington,2010,13720,Animal Rescue of Southern Illinois,Hoyleton,62803,Animal Shelter,0,0,0,0,0,0,113,99,0,0,0,0,6,2,0,1,0,0,0,0,0,0, ,119,101,0,1,2193,Washington,2013,Animal Rescue of Southern Illinois,Hoyleton,62803,0,0,0,0,0,0,9,30,21,0,0,0,10,107,97,0,0,0,0,0,0,0,0,0,137,118,0,0
233,2185,Washington,2010,13720,Animal Rescue of Southern Illinois,Hoyleton,62803,Animal Shelter,0,0,0,0,0,13,57,44,0,0,0,1,2,1,0,0,0,0,0,0,0,0, ,59,45,0,0,2193,Washington,2013,Animal Rescue of Southern Illinois,Hoyleton,62803,0,0,0,0,0,0,9,30,21,0,0,0,10,107,97,0,0,0,0,0,0,0,0,0,137,118,0,0
234,2188,Washington,2010,3796,Washington County Animal Control,Nashville,62263,Animal Control,0,0,0,0,0,0,283,201,75,7,0,0,212,208,1,3,0,0,0,0,0,0, ,495,409,76,10,2190,Washington,2013,Washington County Animal Control,Nashville,62263,Animal Control,0,0,0,0,0,7,197,134,55,8,7,0,332,330,0,2,0,0,0,0,0,0,0,529,464,55,10
235,2195,Wayne,2010,7575,Wayne County Humane Society,Fairfield,62837,Animal Shelter,0,0,0,0,0,0,564,121,65,80,0,0,512,45,1,466,0,0,0,0,0,0, ,1076,166,66,546,2198,Wayne,2013,Wayne County Humane Society,Fairfield,62837,0,137,36,21,91,0,29,407,173,96,145,22,14,294,112,3,33,60,0,0,0,0,0,0,701,285,99,178
236,2200,White,2010,3791,Carmi City Dog Pound,Carmi,62821,Animal Control,0,0,0,0,0,0,304,100,84,120,0,0,0,0,0,0,0,0,0,0,0,0, ,304,100,84,120,2205,White,2013,Carmi City Dog Pound,Carmi,62821,Animal Control,0,0,0,0,0,1,146,44,84,14,4,0,0,0,0,0,0,0,0,0,0,0,0,146,44,84,14
237,2203,White,2010,7123,Grayville City Dog Pound,Grayville,62844,Animal Control,0,0,0,0,0,0,32,0,32,0,0,0,0,0,0,0,0,0,0,0,0,0, ,32,0,32,0,2206,White,2013,Grayville City Dog Pound,Grayville,62844,Animal Control,0,0,0,0,0,0,8,5,3,0,0,0,0,0,0,0,0,0,0,0,0,0,0,8,5,3,0
238,2211,Whiteside,2010,11755,Happy Tails Inc.,Rock Falls,61071,Animal Shelter,0,0,0,0,0,0,40,20,15,3,0,0,20,50,2,6,0,0,0,0,0,0,0,60,70,17,9,2224,Whiteside,2013,"Happy Tails, Inc.",Rock Falls,61071,Animal Shelter,0,0,0,0,0,12,95,92,1,0,14,86,157,194,0,0,49,0,0,0,0,0,0,252,286,1,0
239,2213,Whiteside,2010,10093,Village of Tampico,Tampico,61283,Animal Control,0,0,0,0,0,0,0,0,0,0,0,0,0,0,0,0,0,0,0,0,0,0,0,0,0,0,0,2219,Whiteside,2013,Village of Tampico,Tampico,61283,Animal Control,0,0,0,0,0,0,0,0,0,0,0,0,0,0,0,0,0,0,0,0,0,0,0,0,0,0,0
240,2216,Whiteside,2010,7583,Whiteside County Pound,Rock Falls,61071,Animal Control,0,0,0,0,0,0,518,32,244,206,0,0,252,9,5,198,0,0,0,0,0,0,0,770,41,249,404,2220,Whiteside,2013,Whiteside County Pound,Rock Falls,61071,Animal Control,0,0,0,0,0,0,352,43,185,93,0,0,182,5,4,126,0,0,0,0,0,0,0,534,48,189,219
241,2227,Will,2010,13677,Aloha (A Love Of Homeless Animals),Bolingbrook,60490,Animal Shelter,0,0,0,0,0,0,18,18,0,0,0,0,20,20,0,0,0,0,0,0,0,0,0,38,38,0,0,2374,Will,2013,Aloha (A Love of Homeless Animals),Bolingbrook,60490,Animal Shelter,0,32,0,0,0,0,32,32,0,0,0,0,0,0,0,0,0,0,0,0,0,0,0,32,32,0,0
242,2230,Will,2010,13826,Angels On Wheels Animal Rescue NFP,Naperville,60564,0,11,58,3,62,0,0,74,69,0,0,0,0,66,65,0,0,0,0,0,0,0,0,0,140,134,0,0,2375,Will,2013,"Angels on Wheels Animal Rescue, NFP",Naperville,60564,Animal Shelter,44,75,11,95,0,6,122,119,0,3,6,5,112,106,0,2,9,0,0,0,0,0,0,234,225,0,5
243,2233,Will,2010,12078,Bernese Mountain Dog Club of NI Rescue,Shorewood,60431,Animal Shelter,6,0,0,0,0,0,6,6,0,0,0,0,0,0,0,0,0,0,0,0,0,0,0,6,6,0,0,2377,Will,2013,Bernese Mountain Dog Club of NI Rescue,Shorewood,60404,Animal Shelter,3,0,0,0,0,0,3,3,0,0,0,0,0,0,0,0,0,0,0,0,0,0,0,3,3,0,0
244,2236,Will,2010,4530,Bolingbrook Animal Control & Care,Bolingbrook,60440,Animal Control,0,0,0,0,0,0,410,70,305,11,0,0,221,123,11,22,0,0,12,12,0,0, ,643,205,316,33,2328,Will,2013,Bolingbrook Animal Control & Care,Bolingbrook,60440,Animal Control,0,0,0,0,0,1,327,82,205,18,7,1,186,79,33,48,7,9,17,17,0,0,0,530,178,238,66
245,2239,Will,2010,10409,C.O.P.E.,Joliet,60431,Animal Shelter,0,0,0,0,0,0,2,2,0,0,0,0,82,75,2,1,0,0,0,0,0,0, ,84,77,2,1,2378,Will,2013,C.O.P.E.,Wilmington,60481,0,0,0,0,0,0,2,4,5,0,0,1,25,21,0,0,0,30,0,0,0,0,0,0,25,5,0,0
246,2242,Will,2010,13679,Critter Corral Guinea Pig Rescue,Crete,60417,Animal Shelter,0,0,0,0,0,0,0,0,0,0,0,0,0,0,0,0,0,0,200,175,0,5, ,200,175,0,5,2379,Will,2013,Critter Corral Guinea Pig Rescue,Plainfield,60585,Animal Shelter,0,0,0,0,200,0,0,0,0,0,0,0,0,0,0,0,0,75,200,190,0,10,75,200,190,0,10
247,2245,Will,2010,13662,Crossroads Shih Tzu Rescue Inc.,New Lenox,60451,Animal Shelter,0,0,0,0,0,0,85,78,0,2,0,0,0,0,0,0,0,0,0,0,0,0,0,85,78,0,2,2380,Will,2013,"Crossroads Shih Tzu Rescue, Inc.",New Lenox,60451,Animal Shelter,0,0,0,0,0,25,40,27,0,1,38,0,0,0,0,0,0,0,0,0,0,0,0,40,27,0,1
248,2250,Will,2010,13632,English Springer Rescue America Inc.,New Lenox,60451,Animal Shelter,0,0,0,0,0,0,88,83,0,1,0,0,0,0,0,0,0,0,0,0,0,0,0,88,83,0,1,2381,Will,2013,"English Springer Rescue America, Inc.",New Lenox,60451,Animal Shelter,0,0,0,0,0,0,41,41,0,0,4,0,0,0,0,0,0,0,0,0,0,0,0,41,41,0,0
249,2253,Will,2010,4363,Frankfort TWP. Animal Control,Frankfort,60423,Animal Control,0,0,0,0,0,0,190,20,170,0,0,0,45,27,8,10,0,0,15,0,0,15,0,250,47,178,25,2329,Will,2013,Frankfort TWP. Animal Control,Frankfort,60423,Animal Control,0,0,0,0,0,0,113,24,87,2,0,0,63,50,10,3,0,0,4,3,1,0,0,180,77,98,5
250,2256,Will,2010,11779,Friends For Life Animal Rescue Inc.,Beecher,60401,Animal Shelter,0,0,0,0,0,0,0,0,0,0,0,0,0,0,0,0,0,0,0,0,0,0,0,0,0,0,0,2382,Will,2013,"Friends For Life Animal Rescue, Inc.",Beecher,60401,Animal Shelter,0,0,0,0,0,2,2,0,0,2,2,0,6,4,0,0,2,0,1,1,0,0,0,9,5,0,2
251,2258,Will,2010,13698,Furrylovables Chinchilla Breeder-Rescue,Wilmington,60481,Pet Shop Operator,0,0,0,0,127,0,0,0,0,0,0,0,0,0,0,0,0,0,40,40,1,1,0,40,40,1,1,2383,Will,2013,Furry Lovables Chinchilla Breeder-Rescue,Wilmington,60481,Animal Shelter,0,0,0,0,30,0,0,0,0,0,0,0,0,0,0,0,0,62,0,30,0,0,32,0,30,0,0
252,2266,Will,2010,11247,Greater Chicago Caged Bird Club,Lockport,60441,Animal Shelter,0,0,0,0,0,0,0,0,0,0,0,0,0,0,0,0,0,0,133,117,0,3, ,133,117,0,3,2384,Will,2013,Greater Chicago Caged Bird Clug,Villa Park,60181,Animal Shelter,0,0,0,0,233,0,0,0,0,0,0,0,0,0,0,0,0,24,332,233,0,7,69,332,233,0,7
253,2268,Will,2010,13180,H.A.P.P.E Parrots Rescue Inc.,Bolingbrook,60440,Animal Shelter,0,0,0,0,0,0,0,0,0,0,0,0,0,0,0,0,0,0,21,11,2,1, ,21,11,2,1,2404,Will,2013,"H.A.P.P.E. Parrots Rescue, Inc.",Bolingbrook,60440,Animal Shelter,0,0,0,0,0,0,3,1,1,1,0,0,0,0,0,0,0,6,46,33,1,6,6,49,34,2,7
254,2275,Will,2010,13473,Homeless Animal Rescue Team,Plainfield,60586,Animal Shelter,0,0,0,0,0,0,126,118,0,5,0,0,7,6,0,0,10,0,0,0,0,0,0,133,124,0,5,2386,Will,2013,Homeless Animal Rescue Team,Joliet,60404,Animal Shelter,81,103,61,47,0,25,208,184,0,18,31,9,116,108,0,0,17,0,0,0,0,0,0,324,292,0,18
255,2278,Will,2010,8568,Homes For Huskies,Lockport,60441,Animal Shelter,12,0,0,0,0,0,12,12,0,0,0,0,0,0,0,0,0,0,0,0,0,0, ,12,12,0,0,2387,Will,2013,Homes for Huskies,Lockport,60441,Animal Shelter,15,1,0,0,0,3,13,11,0,1,4,0,0,0,0,0,0,0,0,0,0,0,0,13,11,0,1
256,2281,Will,2010,13646,Hope 4 Paws Rescue,Plainfield,60586,Animal Shelter,79,39,0,3,0,0,120,118,0,2,3,3,0,0,0,0,0,0,0,0,0,0,0,120,118,0,2,2388,Will,2013,Hope 4 Paws Rescue,Plainfield,60586,Animal Shelter,51,28,0,2,0,9,81,73,0,2,6,0,3,2,0,0,1,0,0,0,0,0,0,84,75,0,2
257,2284,Will,2010,9040,Humane Haven Animal Shelter,Bolingbrook,60440,Animal Shelter,0,0,0,0,0,0,42,24,0,3,0,0,99,127,0,2,0,0,0,0,0,0,0,141,151,0,5,2389,Will,2013,Humane Have Animal Shelter,Bolingbrook,60440,0,0,0,0,0,0,7,9,10,0,3,3,24,96,111,0,2,7,0,0,0,0,0,0,105,121,0,5
258,2287,Will,2010,4714,Joliet TWP Animal Control Center,Joliet,60436,Animal Control,0,0,0,0,0,0,963,333,350,280,0,0,876,264,16,596,0,0,9,7,0,2, ,1848,604,366,878,2327,Will,2013,Joliet TWP Animal Control Center,Joliet,60436,Animal Control,0,0,0,0,0,32,1295,495,500,310,22,50,1047,237,26,777,57,1,13,9,0,3,2,2355,741,526,1090
259,2290,Will,2010,14074,Kings Promise All Breed Rescue,Frankfort,60423,Animal Shelter,13,21,0,0,0,0,37,34,0,0,0,0,0,0,0,0,0,0,0,0,0,0, ,37,34,0,0,2390,Will,2013,King's Promise All Breed Rescue,Peotone,60468,Animal Shelter,5,13,0,0,0,1,18,17,0,0,2,0,0,0,0,0,0,0,0,0,0,0,0,18,17,0,0
260,2294,Will,2010,13512,Making A Difference Rescue,Channahon,60410,Animal Shelter,0,0,0,0,0,0,59,48,0,0,0,0,10,5,0,0,0,0,0,0,0,0, ,69,53,0,0,2391,Will,2013,Making A Difference Rescue,Channahon,60410,Animal Shelter,0,0,0,0,0,16,18,24,0,0,10,10,9,12,0,2,5,1,0,0,0,1,0,27,36,0,3
261,2298,Will,2010,13586,NAWS,Mokena,60048,Animal Shelter,0,0,0,0,0,0,150,140,0,0,0,0,100,90,0,0,0,0,0,0,0,0, ,250,230,0,0,2406,Will,2013,NAWS,Mokena,60048,Animal Shelter,0,0,0,0,0,25,70,80,0,0,15,110,60,120,0,0,50,0,0,0,0,0,0,130,200,0,0
262,2304,Will,2010,13899,Romeoville Humane Society,Romeoville,60446,Animal Shelter,0,0,0,0,0,0,31,10,0,0,0,0,39,8,0,1,0,0,0,0,0,0, ,70,18,0,1,2395,Will,2013,Romeoville Humane Society,Romeoville,60446,Animal Shelter,0,0,0,0,0,20,63,69,0,2,11,52,102,110,2,5,33,0,0,0,0,0,0,165,179,2,7
263,2309,Will,2010,9742,Shih Tzu Rescue,Homer Glen,60491,Animal Shelter,0,0,0,0,0,0,18,27,0,1,0,0,0,0,0,0,0,0,0,0,0,0,0,18,27,0,1,2397,Will,2013,Shih Tzu Rescue,Homer Glen,60491,Animal Shelter,0,0,0,0,0,15,27,17,1,4,20,0,0,0,0,0,0,0,0,0,0,0,0,27,17,1,4
264,2312,Will,2010,10853,"Suburban Sheltie Rescue, Ltd",Homer Glen,60491,Animal Shelter,0,0,0,0,0,0,1,0,0,2,0,0,0,0,0,0,0,0,0,0,0,0,0,1,0,0,2,2398,Will,2013,"Suburban Sheltie Rescue, LTD",Homer Glen,60491,Animal Shelter,0,0,0,0,0,18,0,0,0,2,16,0,0,0,0,0,0,0,0,0,0,0,0,0,0,0,2
265,2315,Will,2010,486,TLC Animal Shelter & Humane Society,Homer Glen,60491,Animal Shelter,0,0,0,0,0,0,1026,951,35,40,0,0,497,396,14,87,0,0,107,82,0,25, ,1630,1429,49,152,2399,Will,2013,TLC Animal Shelter & Humane Society,Homer Glen,60491,Animal Shelter,0,0,0,0,0,14,1088,1075,7,6,16,10,395,381,4,10,14,3,45,39,0,6,0,1528,1495,11,22
266,2318,Will,2010,3595,Village of Romeoville ,Romeoville,60446,Animal Control,0,0,0,0,0,0,253,48,205,0,0,0,54,48,5,1,0,0,0,0,0,0, ,307,96,210,1,2330,Will,2013,Village of Romeoville ,Romeoville,60446,Animal Control,0,0,0,0,0,0,182,39,143,0,0,0,28,16,9,2,1,0,0,0,0,0,0,210,55,152,2
267,2322,Will,2010,3874,Will County Humane Society,Shorewood,60404,Animal Shelter,0,0,0,0,0,0,128,127,0,1,0,0,93,125,2,0,0,0,3,3,0,0, ,224,255,2,1,2402,Will,2013,Will County Humane Society,Shorewood,60431,Animal Shelter,0,0,0,0,0,0,138,115,12,4,0,0,60,71,0,3,0,0,4,2,0,0,2,202,188,12,7
268,2325,Will,2010,13841,Wire Fox Terrier Rescue Midwest,Mokena,60448,Animal Shelter,0,0,0,0,0,0,33,33,0,0,0,0,0,0,0,0,0,0,0,0,0,0,0,33,33,0,0,2403,Will,2013,Wire Fox Terrier Rescue Midwest,Mokena,60448,Animal Shelter,0,0,0,0,0,1,23,24,0,0,0,0,0,0,0,0,0,0,0,0,0,0,0,23,24,0,0
269,2409,Williamson,2010,2354,City of Marion,Marion,62959,Animal Control,0,0,0,0,0,0,450,115,80,2,0,0,200,30,5,50,0,0,0,0,0,0, ,650,145,85,52,2411,Williamson,2013,City of Marion,Marion,62959,Animal Control,0,0,0,0,0,0,252,49,95,13,13,0,156,19,1,34,31,0,0,0,0,0,0,408,68,96,47
270,2414,Williamson,2010,5619,Williamson County Animal Control,Marion,62959,Animal Control,0,0,0,0,0,0,642,332,117,193,0,0,18,0,0,18,0,0,2,0,1,1, ,662,332,118,212,2416,Williamson,2013,Williamson County Animal Control,Marion,62959,Animal Control,0,0,0,0,0,25,583,315,143,113,25,0,26,0,0,26,0,0,2,0,0,2,0,611,315,143,141
271,2419,Williamson,2010,8392,Herrin Animal Control,Herrin,62948,Animal Control,0,0,0,0,0,0,78,0,19,36,0,0,101,0,16,59,0,0,0,0,0,0,0,179,0,35,95,2421,Williamson,2013,Herrin Animal Control,Herrin,62948,Animal Control,0,0,0,0,0,0,58,32,16,0,156,141,28,0,11,0,158,0,0,0,0,0,0,86,32,27,0
272,2430,Winnebago,2010,14064,"Good Shepherd Animal Sanctuary, INC.",Rockford,61103,Animal Shelter,0,0,0,0,0,0,0,0,0,0,0,0,0,0,0,0,0,0,0,0,0,0,0,0,0,0,0,2454,Winnebago,2013,"Good Shepherd Animal Sanctuary, Inc.",South Beloit,61080,Animal Shelter,20,18,0,0,0,1,20,20,0,1,0,0,0,0,0,0,0,0,0,0,0,0,0,20,20,0,1
273,2432,Winnebago,2010,4777,Noah's Ark Animal Sanctuary Inc.,Rockford,61107,Animal Shelter,0,0,0,0,0,0,209,189,5,0,0,0,148,121,0,0,0,0,1,1,0,0, ,358,311,5,0,2455,Winnebago,2013,"Noah's Ark Animal Sanctuary, Inc.",Rockford,61107,Animal Shelter,149,102,36,107,0,8,268,251,6,1,18,31,151,143,0,0,39,0,0,0,0,0,0,419,394,6,1
274,2437,Winnebago,2010,13587,Robinson Parrot Rescue,Rockford,61103,Animal Shelter,0,0,0,0,0,0,0,0,0,0,0,0,0,0,0,0,0,0,0,7,0,0, ,0,7,0,0,2457,Winnebago,2013,Robison Parrot Rescue,Rockford,61103,Animal Shelter,0,0,0,0,0,0,0,0,0,0,0,0,0,0,0,0,0,0,0,3,1,1,4,0,3,1,1
275,2443,Winnebago,2010,5140,Winnebago County Animal Services,Rockford,61103,Animal Control,0,0,0,0,0,0,3621,759,1014,1433,0,0,4674,660,77,3513,0,0,2012,59,20,987,0,10307,1478,1111,5933,2445,Winnebago,2013,Winnebago County Animal Services,Rockford,61103,Animal Control,0,0,0,0,0,83,2838,561,933,1192,63,63,3551,770,80,2584,94,2,1295,28,3,913,8,7684,1359,1016,4689
276,2460,Woodford,2010,10437,City of El Paso,El Paso,61738,Animal Control,0,0,0,0,0,0,0,0,0,0,0,0,0,0,0,0,0,0,0,0,0,0, ,0,0,0,0,2472,Woodford,2013,City of El Paso,El Paso,61738,Animal Control,0,0,0,0,0,0,17,0,17,0,0,0,0,0,0,0,0,0,0,0,0,0,0,17,0,17,0
277,2463,Woodford,2010,4437,City of Minonk,Minonk,61760,Animal Control,0,0,0,0,0,0,13,0,10,0,0,0,0,0,0,0,0,0,0,0,0,0,0,13,0,10,0,2473,Woodford,2013,City of Minonk,Minonk,61760,Animal Control,0,0,0,0,0,0,7,0,5,0,0,0,0,0,0,0,0,0,0,0,0,0,0,7,0,5,0
278,2466,Woodford,2010,13950,Hope Floats Animal Rescue,El Paso,61738,Animal Shelter,0,0,0,0,0,0,68,44,12,4,0,0,0,0,0,0,0,0,0,0,0,0,0,68,44,12,4,2477,Woodford,2013,Hope Floats Animal Rescue,El Paso,61738,Animal Shelter,6,0,11,0,0,6,6,6,0,0,6,0,11,11,0,0,0,0,6,0,0,0,6,23,17,0,0
279,2469,Woodford,2010,5200,Steffen Dr. J. R. ,Goodfield,61742,Animal Control,0,0,0,0,0,0,140,60,70,10,0,0,10,2,3,5,0,0,0,0,0,0,0,150,62,73,15,2471,Woodford,2013,Steffen Dr. J. R. ,Goodfield,61742,Animal Control,0,0,0,0,0,0,42,11,19,12,0,0,7,3,2,2,0,0,0,0,0,0,0,49,14,21,14
